id;Nr_Planu_Produkcji;Nr_Zlecenia_Produkcyjnego;BrakLutowia;BrakKomponentu;ZabrudzonaDioda;UszkodzonaDioda;UszkodzonePCB;PrzesuniecieDiody;ZanieczyszczenieZpieca;Inne;DataCzas
316;1204922;1205757;0;0;0;0;0;0;0;0;2017-09-29 09:35:00
383;1205771;1205842;0;0;0;0;0;0;0;0;2017-09-29 09:35:00
355;1205771;1205814;0;0;0;1;0;0;0;1;2017-09-29 09:35:00
285;1204922;1205010;0;0;0;2;0;0;0;0;2017-09-29 09:35:00
389;1205771;1205848;0;0;0;0;0;0;0;0;2017-09-29 09:35:00
425;1205771;1206750;0;0;3;0;0;0;0;0;2017-09-29 09:35:00
380;1205771;1205839;0;0;0;0;0;0;0;0;2017-09-29 09:35:00
394;1205771;1205853;0;0;0;0;0;0;0;0;2017-09-29 09:35:00
391;1205771;1205850;0;0;1;1;0;0;0;0;2017-09-29 09:35:00
127;201709111;1204781;0;0;3;0;0;0;0;0;2017-09-29 09:35:00
442;1205771;1206776;0;0;1;0;0;0;0;0;2017-09-29 09:35:00
443;1205771;1206777;0;0;0;0;0;0;0;0;2017-09-29 09:35:00
444;1205771;1206778;0;0;0;0;0;0;0;0;2017-09-29 09:35:00
402;1205771;1205861;0;0;0;4;0;0;0;0;2017-09-29 09:35:00
446;1205771;1206780;0;0;1;0;0;0;0;0;2017-09-29 09:35:00
400;1205771;1205859;0;1;0;0;0;0;0;0;2017-09-29 09:35:00
422;1205771;1206747;0;0;0;1;0;0;0;0;2017-09-29 09:35:00
423;1205771;1206748;0;0;0;0;0;0;0;0;2017-09-29 09:35:00
483;1206762;1206830;0;0;0;0;0;0;0;0;2017-09-29 09:35:00
436;1205771;1206768;0;0;0;0;0;0;0;0;2017-09-29 09:35:00
481;1206762;1206828;0;0;0;0;0;0;0;0;2017-09-29 09:35:00
435;1205771;1206763;0;0;0;0;0;0;0;0;2017-09-29 09:35:00
429;1205771;1206754;0;0;0;0;0;0;0;0;2017-09-29 09:35:00
434;1205771;1206761;0;0;0;0;0;0;0;0;2017-09-29 09:35:00
490;1206762;1206838;0;0;0;0;0;0;0;0;2017-09-29 09:35:00
433;1205771;1206759;0;0;0;0;0;1;1;1;2017-09-29 09:35:00
508;1206762;1206856;0;0;0;0;0;1;1;1;2017-09-29 09:35:00
500;1206762;1206848;0;0;0;0;0;1;1;1;2017-09-29 09:35:00
403;1205771;1205862;0;0;0;0;0;1;1;1;2017-09-29 09:35:00
448;1206762;1206782;0;0;0;0;0;1;1;1;2017-09-29 09:35:00
451;1206762;1206785;0;0;0;0;0;0;0;0;2017-09-29 09:35:00
427;1205771;1206752;0;0;0;0;0;0;0;0;2017-09-29 09:35:00
445;1205771;1206779;0;0;0;0;0;0;0;0;2017-09-29 09:35:00
486;1206762;1206834;0;0;0;0;0;0;0;1;2017-09-29 09:35:00
519;1206762;1206867;0;0;0;0;0;0;0;0;2017-09-29 09:35:00
523;1206762;1206871;0;0;0;0;0;1;1;1;2017-09-29 09:35:00
506;1206762;1206854;0;0;0;1;0;0;0;0;2017-09-29 09:35:00
511;1206762;1206859;0;0;0;0;0;0;0;0;2017-09-29 09:35:00
525;1206762;1206873;0;0;0;0;0;0;0;0;2017-09-29 09:35:00
493;1206762;1206842;0;0;0;0;1;0;0;0;2017-09-29 09:35:00
498;1206762;1206846;0;0;1;0;0;1;0;0;2017-09-29 09:35:00
447;1205771;1206781;0;0;1;0;0;0;0;0;2017-09-29 09:35:00
478;1206762;1206824;1;0;1;0;0;0;0;0;2017-09-29 09:35:00
497;1206762;1206845;0;0;0;0;0;0;0;0;2017-09-29 09:35:00
521;1206762;1206869;0;0;0;0;0;1;0;0;2017-09-29 09:35:00
495;1206762;1206843;0;0;1;1;0;0;0;0;2017-09-29 09:35:00
535;1206762;1206883;0;0;0;0;0;0;0;0;2017-09-29 09:35:00
532;1206762;1206880;0;0;2;0;0;0;0;0;2017-09-29 09:35:00
520;1206762;1206868;0;0;3;0;0;0;0;0;2017-09-29 09:35:00
536;1206762;1206884;0;0;3;0;0;0;0;0;2017-09-29 09:35:00
398;1205771;1205857;0;0;0;0;0;0;0;0;2017-09-29 09:35:00
545;1206762;1206893;0;0;0;0;0;0;0;0;2017-09-29 09:35:00
542;1206762;1206890;0;0;0;0;0;0;0;0;2017-09-29 09:35:00
491;1205766;1206839;0;0;2;0;0;0;0;0;2017-09-29 09:35:00
515;1206762;1206863;0;0;0;0;0;0;0;0;2017-09-29 09:35:00
577;1205766;1206925;0;0;1;0;0;0;0;0;2017-09-29 09:35:00
501;1205766;1206849;0;0;3;0;1;0;0;0;2017-09-29 09:35:00
494;1205766;1206841;0;0;0;0;0;0;0;0;2017-09-29 09:35:00
485;1205766;1206833;0;0;0;0;0;0;0;0;2017-09-29 09:35:00
304;1204960;1205744;0;0;0;0;0;1;0;1;2017-09-29 09:35:00
327;1205766;1205786;0;0;0;0;0;1;1;1;2017-09-29 09:35:00
315;1204960;1205756;0;0;0;0;0;0;0;0;2017-09-29 09:35:00
322;1204960;1205763;0;0;0;0;0;0;0;0;2017-09-29 09:35:00
358;1205766;1205820;0;0;0;0;0;0;0;0;2017-09-29 09:35:00
348;1205766;1205815;0;0;0;0;0;0;0;0;2017-09-29 09:35:00
310;1204960;1205751;0;0;0;1;0;0;0;0;2017-09-29 09:35:00
319;1204960;1205760;0;0;0;0;0;0;0;0;2017-09-29 09:35:00
330;1205766;1205790;0;0;0;0;0;0;0;0;2017-09-29 09:35:00
416;1205766;1205875;0;0;0;0;0;0;0;0;2017-09-29 09:35:00
404;1205766;1205863;0;0;0;0;0;0;0;0;2017-09-29 09:35:00
417;1205766;1205876;0;0;0;0;0;0;0;0;2017-09-29 09:35:00
411;1205766;1205870;0;0;0;0;0;0;0;0;2017-09-29 09:35:00
331;1205766;1205791;0;0;0;0;0;0;0;0;2017-09-29 09:35:00
503;1205766;1206851;0;1;0;0;0;0;0;0;2017-09-29 09:35:00
507;1205766;1206855;0;0;0;0;0;0;0;0;2017-09-29 09:35:00
406;1205766;1205865;0;0;0;0;0;0;0;0;2017-09-29 09:35:00
321;1204960;1205762;0;0;0;0;0;0;0;0;2017-09-29 09:35:00
488;1205766;1206836;0;0;0;0;0;0;0;0;2017-09-29 09:35:00
585;1205766;1206933;0;0;1;0;0;0;0;0;2017-09-29 09:35:00
317;1204960;1205758;0;0;0;0;0;0;0;0;2017-09-29 09:35:00
342;1205766;1205802;0;0;3;1;0;0;0;0;2017-09-29 09:35:00
256;1204960;1204981;0;0;0;0;0;0;0;0;2017-09-29 09:35:00
489;1205766;1206837;0;0;0;0;0;0;0;0;2017-09-29 09:35:00
412;1205766;1205871;0;1;1;1;0;1;0;0;2017-09-29 09:35:00
581;1205766;1206929;0;0;1;0;0;0;0;0;2017-09-29 09:35:00
401;1205766;1205860;0;0;1;0;0;0;0;0;2017-09-29 09:35:00
505;1205766;1206853;0;0;0;0;0;0;0;0;2017-09-29 09:35:00
480;1205766;1206827;0;0;1;1;0;0;0;0;2017-09-29 09:35:00
320;1204960;1205761;0;0;0;0;0;0;0;0;2017-09-29 09:35:00
329;1205766;1205789;0;0;2;0;0;0;0;0;2017-09-29 09:35:00
338;1205766;1205799;0;0;0;0;0;0;0;0;2017-09-29 09:35:00
156;201709112;1204843;0;0;0;0;0;0;0;0;2017-09-29 09:35:00
484;1205766;1206832;0;0;0;0;0;0;0;0;2017-09-29 09:35:00
651;1207743;1207836;1;2;0;0;0;1;0;1;2017-09-29 09:35:00
652;1207743;1207838;0;0;1;0;0;1;0;0;2017-09-29 09:35:00
644;1207743;1207828;0;0;3;0;0;0;0;0;2017-09-29 09:35:00
662;1207743;1207848;0;0;0;0;0;0;0;0;2017-09-29 09:35:00
687;1207743;1207873;0;0;0;0;0;0;0;0;2017-09-29 09:35:00
688;1207743;1207874;0;0;0;0;0;0;0;0;2017-09-29 09:35:00
657;1207743;1207843;0;0;1;0;0;0;0;0;2017-09-29 09:35:00
686;1207743;1207872;0;0;0;0;0;0;0;1;2017-09-29 09:35:00
685;1207743;1207871;0;0;2;0;0;0;1;2;2017-09-29 09:35:00
692;1207743;1207878;0;0;3;0;1;0;0;0;2017-09-29 09:35:00
654;1207743;1207840;0;0;0;0;0;0;0;0;2017-09-29 09:35:00
653;1207743;1207839;0;0;0;0;0;0;0;0;2017-09-29 09:35:00
615;1207743;1207799;0;0;0;0;0;0;0;0;2017-09-29 09:35:00
711;1207743;1207898;0;0;1;0;0;0;0;2;2017-09-29 09:35:00
658;1207743;1207844;0;0;0;0;0;0;0;0;2017-09-29 09:35:00
637;1207743;1207821;4;0;0;0;0;0;0;0;2017-09-29 09:35:00
659;1207743;1207845;3;0;0;0;0;0;0;0;2017-09-29 09:35:00
698;1207743;1207884;0;0;0;0;0;0;0;0;2017-09-29 09:35:00
622;1207743;1207806;0;0;0;0;0;0;0;0;2017-09-29 09:35:00
609;1207743;1207778;0;0;0;0;0;0;0;0;2017-09-29 09:35:00
693;1207743;1207879;5;0;0;0;0;0;0;0;2017-09-29 09:35:00
307;1204922;1205747;0;0;1;0;0;0;0;0;2017-09-29 09:35:00
551;1206762;1206899;0;0;0;0;0;0;0;0;2017-09-29 09:35:00
561;1206762;1206909;0;0;0;0;0;0;0;0;2017-09-29 09:35:00
557;1206762;1206906;0;0;0;0;0;0;0;0;2017-09-29 09:35:00
482;1205766;1206829;0;0;0;0;0;0;0;0;2017-09-29 09:35:00
636;1207743;1207820;0;0;1;0;0;0;0;0;2017-09-29 09:35:00
642;1207743;1207826;0;0;0;0;0;0;0;0;2017-09-29 09:35:00
645;1207743;1207829;0;0;1;1;1;0;0;0;2017-09-29 09:35:00
647;1207743;1207831;0;0;1;0;0;0;0;0;2017-09-29 09:35:00
655;1207743;1207841;0;0;1;0;0;0;0;0;2017-09-29 09:35:00
694;1207743;1207880;0;0;1;0;0;0;0;0;2017-09-29 09:35:00
696;1207743;1207882;0;0;0;0;0;0;0;1;2017-09-29 09:35:00
656;1207743;1207842;0;0;0;0;0;1;1;1;2017-09-29 09:35:00
689;1207743;1207875;0;0;0;0;0;0;0;0;2017-09-29 09:35:00
691;1207743;1207877;2;0;0;0;0;0;0;0;2017-09-29 09:35:00
602;1207743;1207771;0;0;0;0;0;0;0;0;2017-09-29 09:35:00
591;1207743;1207754;0;0;1;0;0;0;0;0;2017-09-29 09:35:00
529;1206762;1206877;0;0;0;0;0;0;0;0;2017-09-29 09:35:00
713;1207743;1207900;0;0;0;0;0;0;0;0;2017-09-29 09:35:00
723;1207743;1207911;4;0;0;0;0;0;0;0;2017-09-29 09:35:00
646;1207743;1207830;0;0;0;0;0;0;0;0;2017-09-29 09:35:00
594;1207743;1207757;1;0;1;0;0;0;0;0;2017-09-29 09:35:00
589;1207743;1207746;0;0;0;0;0;0;0;0;2017-09-29 09:35:00
725;1207743;1207912;0;0;0;0;0;0;0;0;2017-09-29 09:35:00
628;1207743;1207812;0;0;0;0;0;0;0;0;2017-09-29 09:35:00
612;1207743;1207782;0;0;0;0;0;0;0;0;2017-09-29 09:35:00
610;1207743;1207779;0;0;0;0;0;0;0;0;2017-09-29 09:35:00
823;1207948;1208022;0;0;0;0;0;0;0;0;2017-09-29 09:35:00
801;1207743;1208000;0;0;0;0;0;0;0;0;2017-09-29 09:35:00
805;1207743;1208004;0;0;0;0;0;0;0;0;2017-09-29 09:35:00
822;1207948;1208021;0;13;0;0;0;0;0;2;2017-09-29 09:35:00
734;1207743;1207921;0;0;0;0;0;0;0;0;2017-09-29 09:35:00
821;1207948;1208020;0;0;0;0;0;0;0;0;2017-09-29 09:35:00
706;1207743;1207892;0;0;0;0;0;0;0;0;2017-09-29 09:35:00
728;1207743;1207915;0;0;1;0;0;1;0;0;2017-09-29 09:35:00
802;1207743;1208001;0;0;1;0;0;0;0;0;2017-09-29 09:35:00
567;1205766;1206915;0;0;2;0;0;0;0;0;2017-09-29 09:35:00
783;1207745;1207982;0;0;0;2;0;1;0;0;2017-09-29 09:35:00
604;1207744;1207773;0;0;0;0;0;1;0;0;2017-09-29 09:35:00
745;1207745;1207933;0;0;0;0;0;0;0;0;2017-09-29 09:35:00
632;1207744;1207816;0;0;0;0;0;7;0;0;2017-09-29 09:35:00
608;1207744;1207776;0;0;0;0;0;0;0;0;2017-09-29 09:35:00
603;1207744;1207772;0;0;0;0;0;0;0;0;2017-09-29 09:35:00
739;1207745;1207927;0;0;0;0;0;0;0;0;2017-09-29 09:35:00
753;1207745;1207942;0;0;0;0;0;0;0;0;2017-09-29 09:35:00
755;1207745;1207945;0;0;0;0;0;0;0;0;2017-09-29 09:35:00
751;1207745;1207940;0;0;0;0;0;0;0;0;2017-09-29 09:35:00
797;1207745;1207996;0;0;0;0;0;0;0;0;2017-09-29 09:35:00
743;1207745;1207931;0;0;0;0;0;0;0;0;2017-09-29 09:35:00
746;1207745;1207934;0;0;0;1;0;0;0;1;2017-09-29 09:35:00
633;1207743;1207817;1;0;0;0;0;0;0;0;2017-09-29 09:35:00
747;1207745;1207935;0;0;0;0;0;0;0;0;2017-09-29 09:35:00
765;1207745;1207954;0;0;0;0;0;0;0;0;2017-09-29 09:35:00
774;1207745;1207966;0;0;0;0;0;0;0;0;2017-09-29 09:35:00
793;1207745;1207992;0;0;0;0;0;0;0;0;2017-09-29 09:35:00
754;1207745;1207943;0;0;2;0;0;0;0;0;2017-09-29 09:35:00
773;1207745;1207965;0;0;0;0;0;0;0;3;2017-09-29 09:35:00
738;1207745;1207926;0;0;2;0;0;0;0;0;2017-09-29 09:35:00
781;1207745;1207980;0;0;1;0;0;0;0;0;2017-09-29 09:35:00
712;1207745;1207899;0;0;1;0;0;0;0;0;2017-09-29 09:35:00
710;1207745;1207897;0;0;0;0;0;0;0;0;2017-09-29 09:35:00
791;1207745;1207990;0;0;0;0;0;0;0;0;2017-09-29 09:35:00
744;1207745;1207932;0;0;0;0;0;0;0;0;2017-09-29 09:35:00
795;1207745;1207995;0;0;0;0;0;0;0;0;2017-09-29 09:35:00
778;1207745;1207977;0;0;2;1;0;0;0;0;2017-09-29 09:35:00
777;1207745;1207973;0;0;0;0;0;0;0;0;2017-09-29 09:35:00
714;1207745;1207901;0;0;0;0;0;0;0;0;2017-09-29 09:35:00
726;1207745;1207913;0;0;0;0;0;0;0;0;2017-09-29 09:35:00
724;1207745;1207910;0;0;0;0;0;0;0;1;2017-09-29 09:35:00
721;1207745;1207908;0;0;0;0;0;0;0;0;2017-09-29 09:35:00
826;1207948;1208025;0;0;0;1;0;0;0;0;2017-09-29 09:35:00
864;1207948;1208084;0;0;0;0;0;0;0;0;2017-09-29 09:35:00
800;1207743;1207999;0;0;2;0;0;0;0;0;2017-09-29 09:35:00
720;1207743;1207907;0;0;2;0;0;0;0;0;2017-09-29 09:35:00
786;1207745;1207985;0;0;3;0;0;0;0;0;2017-09-29 09:35:00
790;1207745;1207989;0;0;0;0;0;0;0;0;2017-09-29 09:35:00
866;1207948;1208086;0;0;0;0;0;0;0;0;2017-09-29 09:35:00
703;1207743;1207889;0;0;0;0;0;0;0;0;2017-09-29 09:35:00
855;1207948;1208059;0;0;0;0;0;0;0;0;2017-09-29 09:35:00
787;1207745;1207986;0;0;1;0;0;0;0;0;2017-09-29 09:35:00
756;1207745;1207944;0;0;0;0;0;0;0;0;2017-09-29 09:35:00
760;1207745;1207949;0;0;0;0;0;1;0;0;2017-09-29 09:35:00
881;1207948;1208106;0;0;0;0;0;0;0;0;2017-09-29 09:35:00
767;1207745;1207955;0;0;0;0;0;2;0;0;2017-09-29 09:35:00
780;1207745;1207979;0;0;0;0;0;0;0;0;2017-09-29 09:35:00
771;1207745;1207962;0;0;0;0;0;0;0;0;2017-09-29 09:35:00
736;1207745;1207923;0;0;1;0;0;0;0;0;2017-09-29 09:35:00
887;1207948;1208116;0;0;0;0;0;0;0;0;2017-09-29 09:35:00
939;1208109;1208167;0;0;0;0;0;0;0;0;2017-09-29 09:35:00
943;1208109;1208171;0;0;0;0;0;0;0;0;2017-09-29 09:35:00
951;1208109;1208192;0;0;1;0;0;0;1;0;2017-09-29 09:35:00
954;1208109;1208197;0;0;0;0;0;0;0;0;2017-09-29 09:35:00
885;1207948;1208113;0;0;0;0;0;0;0;0;2017-09-29 09:35:00
899;1207948;1208127;0;0;0;0;0;0;0;0;2017-09-29 09:35:00
922;1207948;1208150;0;0;0;0;0;1;0;0;2017-09-29 09:35:00
872;1207948;1208094;0;0;0;0;0;0;0;0;2017-09-29 09:35:00
929;1208109;1208157;0;0;1;0;0;0;0;0;2017-09-29 09:35:00
820;1207948;1208019;0;0;0;0;0;0;0;0;2017-09-29 09:35:00
852;1207948;1208050;0;0;1;0;0;0;0;0;2017-09-29 09:35:00
875;1207948;1208100;0;0;0;0;0;0;0;0;2017-09-29 09:35:00
931;1208109;1208159;0;0;0;0;0;0;0;0;2017-09-29 09:35:00
808;1207948;1208007;0;0;0;0;0;0;0;0;2017-09-29 09:35:00
927;1207948;1208155;0;0;0;0;0;0;0;0;2017-09-29 09:35:00
970;1208109;1208220;0;0;0;0;0;0;0;0;2017-09-29 09:35:00
799;1207743;1207998;0;0;0;1;0;0;0;0;2017-09-29 09:35:00
944;1208109;1208172;0;0;0;1;0;0;0;0;2017-09-29 09:35:00
975;1208109;1208233;0;0;0;0;0;0;0;0;2017-09-29 09:35:00
923;1207948;1208151;0;0;1;0;0;0;0;0;2017-09-29 09:35:00
969;1208109;1208219;0;0;0;1;0;0;0;0;2017-09-29 09:35:00
979;1208109;1208244;0;0;0;0;0;0;0;0;2017-09-29 09:35:00
977;1208109;1208239;0;0;0;0;0;0;0;0;2017-09-29 09:35:00
971;1208109;1208221;0;0;0;0;0;0;0;0;2017-09-29 09:35:00
949;1208109;1208186;0;0;0;0;0;0;0;0;2017-09-29 09:35:00
806;1207743;1208005;0;0;2;0;0;0;0;0;2017-09-29 09:35:00
161;201709111;1204848;0;0;2;0;0;0;0;0;2017-09-29 09:35:00
271;1204922;1204996;0;0;2;1;0;0;0;0;2017-09-29 09:35:00
296;1204922;1205021;0;0;0;0;0;0;0;0;2017-09-29 09:35:00
375;1205771;1205834;0;0;0;0;0;0;0;0;2017-09-29 09:35:00
479;1206762;1206826;0;0;0;0;0;0;0;0;2017-09-29 09:35:00
428;1205771;1206753;0;0;0;0;1;0;0;1;2017-09-29 09:35:00
418;1205771;1206743;0;0;5;0;0;0;0;1;2017-09-29 09:35:00
426;1205771;1206751;0;0;1;0;0;0;0;0;2017-09-29 09:35:00
431;1205771;1206756;0;0;0;0;0;0;0;1;2017-09-29 09:35:00
421;1205771;1206746;0;0;2;0;0;0;0;1;2017-09-29 09:35:00
420;1205771;1206745;0;0;0;0;0;1;1;1;2017-09-29 09:35:00
430;1205771;1206755;0;0;0;0;0;0;0;3;2017-09-29 09:35:00
432;1205771;1206757;0;0;0;0;0;1;1;1;2017-09-29 09:35:00
449;1206762;1206783;0;0;0;0;0;1;1;1;2017-09-29 09:35:00
419;1205771;1206744;0;0;0;0;0;1;1;1;2017-09-29 09:35:00
492;1206762;1206840;1;0;1;0;0;0;0;0;2017-09-29 09:35:00
510;1206762;1206858;0;0;0;0;0;0;0;0;2017-09-29 09:35:00
513;1206762;1206861;0;0;0;0;0;0;0;0;2017-09-29 09:35:00
512;1206762;1206860;0;0;0;0;0;0;0;0;2017-09-29 09:35:00
502;1206762;1206850;0;0;0;0;0;0;0;0;2017-09-29 09:35:00
528;1206762;1206876;0;0;0;0;0;0;0;0;2017-09-29 09:35:00
372;1205771;1205831;0;0;0;0;0;0;0;0;2017-09-29 09:35:00
424;1205771;1206749;0;0;0;0;0;0;0;0;2017-09-29 09:35:00
438;1205771;1206771;0;0;0;0;0;0;0;0;2017-09-29 09:35:00
386;1205771;1205845;0;0;0;0;0;0;0;0;2017-09-29 09:35:00
531;1206762;1206879;0;0;0;0;0;0;0;0;2017-09-29 09:35:00
583;1205766;1206931;0;0;1;0;0;0;0;0;2017-09-29 09:35:00
324;1205766;1205777;0;0;1;0;0;0;0;0;2017-09-29 09:35:00
405;1205766;1205864;0;0;0;0;0;0;0;0;2017-09-29 09:35:00
499;1205766;1206847;0;0;1;0;0;0;0;0;2017-09-29 09:35:00
312;1204960;1205753;0;0;0;0;0;0;0;0;2017-09-29 09:35:00
344;1205766;1205808;0;0;0;0;0;4;4;4;2017-09-29 09:35:00
334;1205766;1205794;0;0;0;0;0;4;4;4;2017-09-29 09:35:00
415;1205766;1205874;0;0;0;0;0;4;4;4;2017-09-29 09:35:00
410;1205766;1205869;0;0;0;0;0;1;0;0;2017-09-29 09:35:00
336;1205766;1205796;0;0;1;0;0;0;0;0;2017-09-29 09:35:00
409;1205766;1205868;0;0;0;0;0;0;0;0;2017-09-29 09:35:00
346;1205766;1205813;0;0;0;0;0;0;0;0;2017-09-29 09:35:00
580;1205766;1206928;0;0;0;0;0;0;0;0;2017-09-29 09:35:00
407;1205766;1205866;0;0;1;0;0;1;0;0;2017-09-29 09:35:00
303;1204960;1205743;0;0;1;0;0;0;0;0;2017-09-29 09:35:00
362;1205766;1205823;1;0;0;0;0;0;0;0;2017-09-29 09:35:00
650;1207743;1207835;0;0;0;0;0;0;0;1;2017-09-29 09:35:00
641;1207743;1207825;0;0;0;0;0;0;0;0;2017-09-29 09:35:00
639;1207743;1207823;0;0;0;0;0;0;0;0;2017-09-29 09:35:00
623;1207743;1207807;0;0;1;0;0;0;0;0;2017-09-29 09:35:00
699;1207743;1207885;0;0;0;0;0;0;0;0;2017-09-29 09:35:00
700;1207743;1207886;0;0;0;0;0;0;0;0;2017-09-29 09:35:00
701;1207743;1207887;10;0;0;0;0;0;0;0;2017-09-29 09:35:00
648;1207743;1207832;2;0;0;0;0;0;0;1;2017-09-29 09:35:00
643;1207743;1207827;0;0;0;0;0;0;0;0;2017-09-29 09:35:00
631;1207743;1207815;2;5;1;0;0;1;0;0;2017-09-29 09:35:00
695;1207743;1207881;0;0;0;0;0;0;0;0;2017-09-29 09:35:00
690;1207743;1207876;0;0;0;0;0;0;0;0;2017-09-29 09:35:00
620;1207743;1207804;0;0;1;0;0;0;0;0;2017-09-29 09:35:00
595;1207743;1207758;3;0;0;0;0;0;0;0;2017-09-29 09:35:00
607;1207743;1207777;0;0;0;0;0;0;0;0;2017-09-29 09:35:00
598;1207743;1207761;0;0;0;0;0;0;0;0;2017-09-29 09:35:00
596;1207743;1207759;0;0;0;0;0;0;0;0;2017-09-29 09:35:00
597;1207743;1207760;0;0;0;0;0;0;0;2;2017-09-29 09:35:00
625;1207743;1207809;0;0;0;0;0;0;0;1;2017-09-29 09:35:00
605;1207743;1207774;0;0;0;0;0;0;0;0;2017-09-29 09:35:00
601;1207743;1207770;0;0;0;0;0;0;0;0;2017-09-29 09:35:00
629;1207743;1207814;1;0;0;0;0;0;0;0;2017-09-29 09:35:00
590;1207743;1207753;0;0;0;0;0;0;0;0;2017-09-29 09:35:00
627;1207743;1207811;1;0;0;0;0;0;0;0;2017-09-29 09:35:00
599;1207743;1207768;0;0;1;0;0;0;0;0;2017-09-29 09:35:00
616;1207743;1207801;0;0;0;0;0;0;0;0;2017-09-29 09:35:00
593;1207743;1207756;1;0;0;0;0;0;0;0;2017-09-29 09:35:00
606;1207743;1207775;0;0;0;0;0;0;0;0;2017-09-29 09:35:00
809;1207948;1208008;0;0;0;0;0;0;0;0;2017-09-29 09:35:00
732;1207743;1207920;0;0;0;0;0;0;0;0;2017-09-29 09:35:00
730;1207743;1207917;0;0;0;0;0;0;0;0;2017-09-29 09:35:00
731;1207743;1207918;0;0;0;0;0;0;0;0;2017-09-29 09:35:00
722;1207743;1207909;0;0;0;0;0;0;0;0;2017-09-29 09:35:00
705;1207743;1207891;0;0;4;0;0;0;0;0;2017-09-29 09:35:00
804;1207743;1208003;0;0;1;0;0;0;0;0;2017-09-29 09:35:00
798;1207743;1207997;0;0;2;0;0;0;0;0;2017-09-29 09:35:00
740;1207745;1207928;0;0;0;0;0;0;0;0;2017-09-29 09:35:00
741;1207745;1207930;0;0;0;0;0;0;0;0;2017-09-29 09:35:00
749;1207745;1207937;0;0;0;0;0;0;0;0;2017-09-29 09:35:00
757;1207745;1207946;0;0;1;0;0;0;0;0;2017-09-29 09:35:00
768;1207745;1207957;0;0;0;0;0;0;0;0;2017-09-29 09:35:00
697;1207743;1207883;5;0;0;0;0;0;0;0;2017-09-29 09:35:00
752;1207745;1207941;0;0;0;0;0;0;0;2;2017-09-29 09:35:00
763;1207745;1207952;0;0;0;0;0;0;0;0;2017-09-29 09:35:00
635;1207743;1207819;13;0;0;0;0;0;0;0;2017-09-29 09:35:00
772;1207745;1207964;0;0;0;0;0;0;0;0;2017-09-29 09:35:00
788;1207745;1207987;0;0;0;0;0;0;0;0;2017-09-29 09:35:00
784;1207745;1207983;0;0;0;0;0;0;0;0;2017-09-29 09:35:00
775;1207745;1207967;0;0;0;0;0;0;0;0;2017-09-29 09:35:00
782;1207745;1207981;0;0;1;0;0;0;0;2;2017-09-29 09:35:00
792;1207745;1207991;0;0;0;0;0;1;1;1;2017-09-29 09:35:00
776;1207745;1207974;1;0;3;0;0;0;0;0;2017-09-29 09:35:00
733;1207745;1207919;0;0;0;0;0;0;0;0;2017-09-29 09:35:00
766;1207745;1207956;0;0;0;0;0;0;0;0;2017-09-29 09:35:00
785;1207745;1207984;0;0;3;0;0;0;0;0;2017-09-29 09:35:00
764;1207745;1207953;0;0;0;0;0;0;0;0;2017-09-29 09:35:00
762;1207745;1207951;3;0;1;0;0;0;0;0;2017-09-29 09:35:00
769;1207745;1207959;0;0;0;0;0;0;0;0;2017-09-29 09:35:00
717;1207745;1207903;1;0;0;0;0;0;0;0;2017-09-29 09:35:00
825;1207948;1208024;0;0;0;0;0;0;0;0;2017-09-29 09:35:00
829;1207948;1208028;0;0;0;0;0;0;0;0;2017-09-29 09:35:00
830;1207948;1208029;0;0;0;0;0;0;0;0;2017-09-29 09:35:00
831;1207948;1208030;0;0;0;0;0;0;0;0;2017-09-29 09:35:00
718;1207743;1207905;0;0;0;1;0;0;0;0;2017-09-29 09:35:00
873;1207948;1208096;0;0;0;0;0;0;0;0;2017-09-29 09:35:00
871;1207948;1208091;0;0;3;0;0;1;0;0;2017-09-29 09:35:00
863;1207948;1208083;0;0;4;0;0;2;0;5;2017-09-29 09:35:00
789;1207745;1207988;0;0;0;0;0;0;0;0;2017-09-29 09:35:00
865;1207948;1208085;0;0;0;0;0;0;0;0;2017-09-29 09:35:00
853;1207948;1208057;0;0;0;0;0;0;0;0;2017-09-29 09:35:00
868;1207948;1208088;0;0;0;0;0;0;0;0;2017-09-29 09:35:00
813;1207948;1208012;0;0;0;0;0;0;0;0;2017-09-29 09:35:00
328;1205771;1205787;0;0;3;0;0;0;0;0;2017-09-29 09:35:00
382;1205771;1205841;0;0;0;0;0;0;0;0;2017-09-29 09:35:00
439;1205771;1206772;0;0;1;0;0;0;0;0;2017-09-29 09:35:00
562;1206762;1206910;0;0;0;0;0;0;0;0;2017-09-29 09:35:00
560;1206762;1206908;0;0;0;0;0;0;0;0;2017-09-29 09:35:00
559;1206762;1206907;0;0;0;0;0;0;0;0;2017-09-29 09:35:00
555;1206762;1206903;0;0;0;0;0;0;0;0;2017-09-29 09:35:00
554;1206762;1206902;0;0;0;0;0;0;0;0;2017-09-29 09:35:00
408;1205766;1205867;0;0;0;0;0;1;0;0;2017-09-29 09:35:00
399;1205766;1205858;0;0;0;0;0;0;0;4;2017-09-29 09:35:00
649;1207743;1207833;0;0;1;0;0;0;0;0;2017-09-29 09:35:00
618;1207743;1207802;1;0;0;0;0;0;0;0;2017-09-29 09:35:00
727;1207743;1207914;0;0;0;0;0;1;0;0;2017-09-29 09:35:00
770;1207745;1207963;0;0;1;0;0;0;0;0;2017-09-29 09:35:00
748;1207745;1207936;0;0;0;0;0;0;0;0;2017-09-29 09:35:00
796;1207745;1207994;0;0;0;0;0;4;0;0;2017-09-29 09:35:00
814;1207948;1208013;0;0;2;0;0;0;0;0;2017-09-29 09:35:00
807;1207743;1208006;0;0;0;0;0;0;0;0;2017-09-29 09:35:00
794;1207743;1207993;0;0;0;0;0;0;0;0;2017-09-29 09:35:00
735;1207745;1207922;0;0;0;0;0;0;0;0;2017-09-29 09:35:00
888;1207948;1208117;0;0;0;0;0;0;0;0;2017-09-29 09:35:00
897;1207948;1208125;0;0;1;0;0;0;0;0;2017-09-29 09:35:00
737;1207745;1207924;1;0;0;0;0;0;0;0;2017-09-29 09:35:00
886;1207948;1208115;0;0;0;0;0;0;4;0;2017-09-29 09:35:00
869;1207948;1208089;0;0;0;0;0;0;0;0;2017-09-29 09:35:00
946;1208109;1208185;0;0;0;0;0;0;0;0;2017-09-29 09:35:00
900;1207948;1208128;0;0;0;0;0;0;1;0;2017-09-29 09:35:00
874;1207948;1208098;0;0;0;0;0;0;0;0;2017-09-29 09:35:00
870;1207948;1208090;0;0;0;0;0;0;0;0;2017-09-29 09:35:00
928;1207948;1208156;0;0;0;0;0;0;0;0;2017-09-29 09:35:00
848;1207948;1208046;0;0;1;0;0;0;0;0;2017-09-29 09:35:00
849;1207948;1208047;0;0;0;0;0;0;0;0;2017-09-29 09:35:00
708;1207743;1207894;0;0;0;0;0;0;0;0;2017-09-29 09:35:00
880;1207948;1208105;0;0;2;0;0;0;0;0;2017-09-29 09:35:00
926;1207948;1208154;0;0;1;0;0;0;0;0;2017-09-29 09:35:00
933;1208109;1208161;0;0;0;0;0;0;0;0;2017-09-29 09:35:00
925;1207948;1208153;0;0;0;0;0;0;0;0;2017-09-29 09:35:00
924;1207948;1208152;0;0;0;0;0;0;0;0;2017-09-29 09:35:00
947;1208109;1208184;0;0;0;0;0;0;0;0;2017-09-29 09:35:00
702;1207743;1207888;0;0;0;0;0;0;0;0;2017-09-29 09:35:00
847;1207948;1208045;0;0;0;0;0;0;0;0;2017-09-29 09:35:00
932;1208109;1208160;0;0;0;0;0;0;0;0;2017-09-29 09:35:00
921;1207948;1208149;0;0;0;0;0;0;0;0;2017-09-29 09:35:00
882;1207948;1208108;0;0;0;0;0;0;0;0;2017-09-29 09:35:00
883;1207948;1208110;0;0;0;0;0;0;0;0;2017-09-29 09:35:00
884;1207948;1208111;0;0;0;1;0;0;0;0;2017-09-29 09:35:00
942;1208109;1208170;0;0;0;0;0;0;0;0;2017-09-29 09:35:00
898;1207948;1208126;0;0;0;0;0;0;0;0;2017-09-29 09:35:00
895;1207948;1208123;0;0;1;1;0;0;0;0;2017-09-29 09:35:00
978;1208109;1208242;0;0;0;0;0;0;0;0;2017-09-29 09:35:00
952;1208109;1208194;0;0;0;0;0;0;0;0;2017-09-29 09:35:00
1025;1208109;1208289;0;0;0;0;0;0;0;0;2017-09-29 09:35:00
1020;1208109;1208284;0;0;0;0;0;0;0;0;2017-09-29 09:35:00
1026;1208109;1208290;0;0;0;0;0;0;0;0;2017-09-29 09:35:00
959;1208109;1208204;0;0;0;0;0;0;0;0;2017-09-29 09:35:00
867;1207948;1208087;0;0;0;0;0;0;0;0;2017-09-29 09:35:00
850;1207948;1208048;3;0;0;0;0;0;0;0;2017-09-29 09:35:00
893;1207948;1208122;0;0;0;0;0;0;0;0;2017-09-29 09:35:00
905;1208107;1208135;3;0;0;0;0;0;0;0;2017-09-29 09:35:00
974;1208109;1208234;0;0;7;0;0;0;0;0;2017-09-29 09:35:00
1022;1208109;1208286;0;0;1;4;0;0;0;0;2017-09-29 09:35:00
1024;1208109;1208288;0;0;0;0;0;0;0;0;2017-09-29 09:35:00
984;1208109;1208248;0;0;5;2;0;0;0;1;2017-09-29 09:35:00
987;1208109;1208251;0;0;0;1;0;0;0;0;2017-09-29 09:35:00
1070;1208352;1208364;2;1;0;0;0;0;0;0;2017-09-29 09:35:00
986;1208109;1208250;0;0;4;0;0;0;0;0;2017-09-29 09:35:00
972;1208109;1208222;0;0;2;0;0;0;0;1;2017-09-29 09:35:00
948;1208109;1208187;0;0;9;0;1;0;0;0;2017-09-29 09:35:00
961;1208109;1208207;0;0;2;0;0;0;0;0;2017-09-29 09:35:00
894;1207948;1208114;0;0;1;0;0;0;0;1;2017-09-29 09:35:00
889;1207948;1208118;2;0;2;0;0;0;0;0;2017-09-29 09:35:00
810;1207948;1208009;0;0;4;0;0;0;0;0;2017-09-29 09:35:00
707;1207743;1207893;0;0;0;0;0;0;0;0;2017-09-29 09:35:00
935;1208109;1208163;0;0;1;0;0;0;0;2;2017-09-29 09:35:00
965;1208109;1208215;0;0;1;0;0;0;0;0;2017-09-29 09:35:00
1017;1208109;1208281;0;0;3;0;1;0;0;0;2017-09-29 09:35:00
941;1208109;1208169;0;0;0;1;0;0;0;1;2017-09-29 09:35:00
828;1207948;1208027;0;0;8;0;0;0;0;0;2017-09-29 09:35:00
854;1207948;1208058;0;0;1;1;0;0;0;0;2017-09-29 09:35:00
1038;1208241;1208302;0;0;1;0;0;0;0;0;2017-09-29 09:35:00
836;1207948;1208035;0;0;1;0;0;0;0;0;2017-09-29 09:35:00
1013;1208241;1208277;0;0;4;0;0;0;0;1;2017-09-29 09:35:00
890;1207948;1208119;0;0;0;1;0;0;0;0;2017-09-29 09:35:00
892;1207948;1208121;0;0;0;0;0;0;0;0;2017-09-29 09:35:00
818;1207948;1208017;0;0;6;2;0;0;0;2;2017-09-29 09:35:00
896;1207948;1208124;0;0;0;0;0;0;0;0;2017-09-29 09:35:00
833;1207948;1208032;1;0;0;0;0;0;0;0;2017-09-29 09:35:00
1118;1208357;1208411;0;0;0;0;0;0;0;1;2017-09-29 09:35:00
891;1207948;1208120;0;0;0;0;0;0;0;0;2017-09-29 09:35:00
817;1207948;1208016;0;0;1;1;0;0;0;0;2017-09-29 09:35:00
851;1207948;1208049;0;0;0;0;0;0;0;0;2017-09-29 09:35:00
816;1207948;1208015;0;0;1;0;0;0;0;0;2017-09-29 09:35:00
945;1208109;1208174;0;0;2;0;0;0;0;0;2017-09-29 09:35:00
937;1208109;1208165;0;0;2;0;0;0;0;0;2017-09-29 09:35:00
876;1207948;1208101;0;0;2;0;0;0;0;0;2017-09-29 09:35:00
953;1208109;1208195;0;0;0;0;0;0;0;0;2017-09-29 09:35:00
858;1207948;1208063;0;0;2;1;0;0;0;0;2017-09-29 09:35:00
860;1207948;1208074;0;0;2;2;1;0;0;0;2017-09-29 09:35:00
877;1207948;1208102;0;0;0;1;0;0;0;0;2017-09-29 09:35:00
856;1207948;1208060;0;0;0;0;0;0;0;0;2017-09-29 09:35:00
936;1208109;1208164;0;0;0;0;0;0;0;0;2017-09-29 09:35:00
824;1207948;1208023;0;0;2;0;0;0;0;1;2017-09-29 09:35:00
837;1207948;1208036;0;0;0;0;0;0;0;0;2017-09-29 09:35:00
840;1207948;1208039;0;0;1;0;0;0;0;0;2017-09-29 09:35:00
1125;1208357;1208418;0;0;0;0;0;0;0;0;2017-09-29 09:35:00
1122;1208357;1208415;0;0;0;0;0;0;0;1;2017-09-29 09:35:00
1143;1208357;1209414;0;0;0;0;0;0;0;0;2017-09-29 09:35:00
1135;1208357;1208428;0;0;0;0;0;0;0;0;2017-09-29 09:35:00
1142;1208357;1209413;0;0;0;0;0;0;0;1;2017-09-29 09:35:00
1145;1208357;1209416;0;0;0;0;0;0;0;0;2017-09-29 09:35:00
1120;1208357;1208413;0;0;0;0;0;0;0;0;2017-09-29 09:35:00
1147;1208357;1209418;0;0;0;0;0;0;0;0;2017-09-29 09:35:00
1137;1208357;1208430;0;0;0;0;0;0;0;0;2017-09-29 09:35:00
1144;1208357;1209415;0;0;0;0;0;0;0;0;2017-09-29 09:35:00
729;1207743;1207916;0;0;1;0;0;0;0;0;2017-09-29 09:35:00
779;1207745;1207978;0;0;4;0;0;0;0;0;2017-09-29 09:35:00
966;1208109;1208216;0;0;0;0;0;0;0;1;2017-09-29 09:35:00
1136;1208357;1208429;0;0;0;1;0;0;0;0;2017-09-29 09:35:00
1075;1208357;1208369;0;0;0;0;0;0;0;0;2017-09-29 09:35:00
750;1207745;1207938;0;0;0;0;0;1;0;0;2017-09-29 09:35:00
1076;1208357;1208370;0;0;1;0;0;0;0;0;2017-09-29 09:35:00
1164;1208357;1210423;0;0;3;0;0;0;0;0;2017-09-29 09:35:00
1146;1208357;1209417;0;0;0;0;0;0;0;0;2017-09-29 09:35:00
1077;1208357;1208371;0;0;0;0;0;0;0;0;2017-09-29 09:35:00
1129;1208357;1208422;0;0;0;0;0;0;0;0;2017-09-29 09:35:00
1126;1208357;1208419;0;0;0;0;0;0;0;0;2017-09-29 09:35:00
1150;1208357;1210409;0;0;0;0;0;0;0;0;2017-09-29 09:35:00
1159;1208357;1210418;0;0;0;0;0;0;0;0;2017-09-29 09:35:00
1130;1208357;1208423;0;0;0;1;0;0;0;0;2017-09-29 09:35:00
1149;1208357;1209420;0;0;0;0;0;0;0;0;2017-09-29 09:35:00
1127;1208357;1208420;0;0;0;0;0;0;0;0;2017-09-29 09:35:00
1121;1208357;1208414;0;0;0;0;0;0;0;0;2017-09-29 09:35:00
1141;1208357;1209412;0;0;0;0;0;0;0;0;2017-09-29 09:35:00
1078;1208357;1208372;0;0;0;0;0;0;0;1;2017-09-29 09:35:00
1132;1208357;1208425;0;0;0;0;0;0;0;0;2017-09-29 09:35:00
1074;1208357;1208368;0;0;0;1;0;0;0;0;2017-09-29 09:35:00
1123;1208357;1208416;0;0;0;1;0;0;0;0;2017-09-29 09:35:00
1153;1208357;1210412;0;0;0;0;0;0;0;0;2017-09-29 09:35:00
950;1208109;1208191;0;0;3;0;0;0;0;0;2017-09-29 09:35:00
859;1207948;1208064;0;0;0;0;0;0;0;0;2017-09-29 09:35:00
1021;1208109;1208285;0;0;0;0;1;0;0;0;2017-09-29 09:35:00
1151;1208357;1210410;0;0;2;0;0;0;0;0;2017-09-29 09:35:00
1040;1208241;1208304;0;0;1;0;0;0;0;1;2017-09-29 09:35:00
989;1208241;1208253;0;0;0;0;0;0;0;0;2017-09-29 09:35:00
992;1208241;1208256;0;0;1;0;1;0;0;0;2017-09-29 09:35:00
574;1205766;1206922;0;0;0;0;0;0;0;0;2017-09-29 09:35:00
902;1208107;1208132;0;0;0;0;0;0;0;0;2017-09-29 09:35:00
1037;1208241;1208301;0;0;1;0;0;0;0;2;2017-09-29 09:35:00
630;1207744;1207813;0;0;0;0;0;0;0;0;2017-09-29 09:35:00
1007;1208241;1208271;0;0;2;0;0;0;0;0;2017-09-29 09:35:00
993;1208241;1208257;0;0;2;0;0;0;0;0;2017-09-29 09:35:00
1000;1208241;1208264;0;0;1;0;0;0;0;0;2017-09-29 09:35:00
988;1208241;1208252;0;0;5;1;0;0;0;0;2017-09-29 09:35:00
1111;1208352;1208404;0;0;0;3;2;0;0;0;2017-09-29 09:35:00
1110;1208352;1208403;0;0;0;0;1;0;0;0;2017-09-29 09:35:00
1112;1208352;1208405;0;0;0;0;1;0;0;0;2017-09-29 09:35:00
1138;1208352;1209409;0;0;0;0;0;0;0;0;2017-09-29 09:35:00
1081;1208352;1208375;0;0;1;2;0;0;0;0;2017-09-29 09:35:00
1113;1208352;1208406;0;0;0;0;0;0;0;0;2017-09-29 09:35:00
1329;1210615;1210656;0;0;0;0;0;0;0;0;2017-09-29 09:35:00
1279;1210472;1210570;0;0;0;0;0;0;0;0;2017-09-29 09:35:00
1274;1210472;1210565;0;0;0;0;0;0;0;0;2017-09-29 09:35:00
1328;1210615;1210655;0;0;0;2;0;0;0;0;2017-09-29 09:35:00
1256;1210472;1210547;0;0;1;1;0;0;0;0;2017-09-29 09:35:00
1290;1210472;1210581;0;0;0;0;0;0;0;1;2017-09-29 09:35:00
1245;1210472;1210536;0;0;0;0;0;0;0;0;2017-09-29 09:35:00
1240;1210472;1210531;0;0;1;0;0;0;0;0;2017-09-29 09:35:00
1248;1210472;1210538;0;0;1;0;0;0;0;0;2017-09-29 09:35:00
1227;1210472;1210519;0;0;0;0;0;0;0;0;2017-09-29 09:35:00
1237;1210472;1210528;0;0;0;0;0;0;0;1;2017-09-29 09:35:00
1228;1210472;1210520;0;0;0;0;0;0;0;0;2017-09-29 09:35:00
1239;1210472;1210530;0;0;0;0;0;0;0;0;2017-09-29 09:35:00
1230;1210472;1210522;0;0;0;0;0;0;0;0;2017-09-29 09:35:00
1244;1210472;1210535;0;0;0;0;0;0;0;0;2017-09-29 09:35:00
1234;1210472;1210526;0;0;0;0;0;0;0;0;2017-09-29 09:35:00
1289;1210472;1210580;0;0;0;0;0;0;0;1;2017-09-29 09:35:00
1304;1210472;1210608;0;0;5;0;0;0;0;0;2017-09-29 09:35:00
1326;1210615;1210653;0;0;0;1;0;0;0;0;2017-09-29 09:35:00
1246;1210472;1210537;0;0;1;0;0;0;0;0;2017-09-29 09:35:00
1324;1210615;1210651;0;0;0;0;0;0;0;0;2017-09-29 09:35:00
1247;1210472;1210539;0;0;0;0;0;0;0;0;2017-09-29 09:35:00
1313;1210472;1210622;0;0;3;0;0;0;0;0;2017-09-29 09:35:00
1254;1210472;1210545;0;0;0;0;0;0;0;0;2017-09-29 09:35:00
1327;1210615;1210654;0;0;1;0;0;2;0;0;2017-09-29 09:35:00
1325;1210615;1210652;0;0;1;0;0;0;0;0;2017-09-29 09:35:00
1316;1210472;1210638;0;0;0;1;0;0;0;0;2017-09-29 09:35:00
1334;1210615;1210661;0;0;2;0;1;0;0;0;2017-09-29 09:35:00
1285;1210472;1210576;0;0;0;0;0;0;0;0;2017-09-29 09:35:00
1335;1210615;1210662;0;0;0;0;0;0;0;0;2017-09-29 09:35:00
1332;1210615;1210659;0;0;3;0;0;0;0;0;2017-09-29 09:35:00
1315;1210472;1210637;0;0;0;0;0;0;0;0;2017-09-29 09:35:00
1220;1210472;1210512;0;0;2;0;0;0;0;0;2017-09-29 09:35:00
1333;1210615;1210660;0;0;0;0;1;0;0;0;2017-09-29 09:35:00
1243;1210472;1210534;0;0;0;0;0;0;0;0;2017-09-29 09:35:00
1368;1210615;1210694;0;0;0;0;0;0;0;0;2017-09-29 09:35:00
1372;1210615;1210698;0;0;0;0;0;0;0;0;2017-09-29 09:35:00
1353;1210615;1210680;0;0;1;0;0;0;0;0;2017-09-29 09:35:00
1369;1210615;1210695;0;0;3;0;0;0;0;0;2017-09-29 09:35:00
1354;1210615;1210681;0;0;2;0;0;0;0;0;2017-09-29 09:35:00
1356;1210615;1210683;0;0;1;0;0;0;0;0;2017-09-29 09:35:00
1371;1210615;1210697;0;0;1;0;0;0;0;0;2017-09-29 09:35:00
1307;1210472;1210612;0;0;0;1;0;0;0;0;2017-09-29 09:35:00
1308;1210472;1210613;0;0;0;1;0;0;0;0;2017-09-29 09:35:00
1345;1210615;1210672;0;0;0;0;0;0;0;0;2017-09-29 09:35:00
1383;1210615;1210709;0;0;0;0;0;0;0;0;2017-09-29 09:35:00
1344;1210615;1210671;0;0;4;0;0;0;0;0;2017-09-29 09:35:00
1341;1210615;1210668;0;0;2;0;0;1;0;0;2017-09-29 09:35:00
1252;1210472;1210543;0;0;0;0;0;0;0;0;2017-09-29 09:35:00
1260;1210472;1210551;0;0;1;0;0;0;0;0;2017-09-29 09:35:00
1251;1210472;1210542;0;0;1;1;0;0;0;0;2017-09-29 09:35:00
1349;1210615;1210676;0;0;0;0;0;1;0;0;2017-09-29 09:35:00
1259;1210472;1210550;0;0;0;0;0;0;0;0;2017-09-29 09:35:00
1211;1210472;1210503;0;0;1;0;0;0;0;0;2017-09-29 09:35:00
1269;1210472;1210560;0;0;0;0;1;0;0;0;2017-09-29 09:35:00
1221;1210472;1210513;0;0;1;0;0;0;0;0;2017-09-29 09:35:00
1232;1210472;1210524;0;0;1;0;0;0;0;0;2017-09-29 09:35:00
1213;1210472;1210505;0;0;1;0;0;0;0;0;2017-09-29 09:35:00
1201;1210472;1210493;0;0;3;0;0;0;0;0;2017-09-29 09:35:00
1361;1210615;1210687;0;0;0;0;0;0;0;0;2017-09-29 09:35:00
1382;1210615;1210708;0;0;0;0;0;0;0;0;2017-09-29 09:35:00
1330;1210615;1210657;0;0;0;0;0;0;0;0;2017-09-29 09:35:00
1362;1210615;1210688;0;0;0;0;0;0;0;1;2017-09-29 09:35:00
1224;1210472;1210516;0;0;1;0;0;0;0;1;2017-09-29 09:35:00
1360;1210615;1210686;0;0;2;0;0;0;0;0;2017-09-29 09:35:00
1391;1210615;1210717;0;0;0;0;0;0;0;0;2017-09-29 09:35:00
1318;1210472;1210640;0;0;0;0;0;0;0;0;2017-09-29 09:35:00
1217;1210472;1210510;0;0;0;0;0;0;0;0;2017-09-29 09:35:00
1392;1210615;1210718;0;0;1;0;0;0;0;0;2017-09-29 09:35:00
976;1208109;1208235;0;0;0;0;0;0;0;0;2017-09-29 09:35:00
844;1207948;1208043;0;0;0;0;0;0;0;0;2017-09-29 09:35:00
973;1208109;1208225;0;0;1;0;0;0;0;0;2017-09-29 09:35:00
958;1208109;1208202;0;0;0;0;0;0;0;0;2017-09-29 09:35:00
1023;1208109;1208287;0;0;0;0;0;0;0;0;2017-09-29 09:35:00
846;1207948;1208044;0;0;0;0;0;0;0;0;2017-09-29 09:35:00
964;1208109;1208213;0;0;0;0;0;0;0;0;2017-09-29 09:35:00
981;1208109;1208243;0;0;0;0;0;0;0;0;2017-09-29 09:35:00
815;1207948;1208014;0;0;0;0;0;0;0;0;2017-09-29 09:35:00
742;1207745;1207929;0;0;8;0;0;0;0;0;2017-09-29 09:35:00
962;1208109;1208208;0;0;0;0;0;0;0;0;2017-09-29 09:35:00
963;1208109;1208211;0;0;0;0;0;0;0;0;2017-09-29 09:35:00
704;1207743;1207890;0;0;0;0;0;0;0;0;2017-09-29 09:35:00
1073;1208352;1208367;0;0;0;0;0;0;0;0;2017-09-29 09:35:00
1018;1208109;1208282;0;0;2;3;0;0;0;0;2017-09-29 09:35:00
1019;1208109;1208283;0;0;0;0;0;0;0;0;2017-09-29 09:35:00
985;1208109;1208249;0;0;3;1;0;0;0;1;2017-09-29 09:35:00
1041;1208241;1208307;0;0;0;1;0;0;0;0;2017-09-29 09:35:00
968;1208109;1208218;0;0;8;0;0;0;0;0;2017-09-29 09:35:00
960;1208109;1208205;0;0;1;3;0;0;0;0;2017-09-29 09:35:00
956;1208109;1208200;0;0;2;0;0;0;0;0;2017-09-29 09:35:00
955;1208109;1208199;0;0;1;0;0;0;0;0;2017-09-29 09:35:00
906;1208107;1208130;0;0;0;0;0;0;0;0;2017-09-29 09:35:00
903;1208107;1208133;6;0;0;0;0;0;0;1;2017-09-29 09:35:00
930;1208109;1208158;0;0;5;0;0;0;0;0;2017-09-29 09:35:00
957;1208109;1208201;0;0;0;0;0;0;0;0;2017-09-29 09:35:00
861;1207948;1208075;0;0;5;0;0;0;0;0;2017-09-29 09:35:00
803;1207743;1208002;0;0;1;0;0;0;0;0;2017-09-29 09:35:00
811;1207948;1208010;0;0;1;0;0;0;0;1;2017-09-29 09:35:00
934;1208109;1208162;0;0;2;0;0;0;0;0;2017-09-29 09:35:00
862;1207948;1208082;0;0;5;1;0;0;0;0;2017-09-29 09:35:00
938;1208109;1208166;0;0;1;0;0;0;0;0;2017-09-29 09:35:00
940;1208109;1208168;0;0;3;0;0;0;0;0;2017-09-29 09:35:00
857;1207948;1208062;0;0;2;0;0;0;0;1;2017-09-29 09:35:00
878;1207948;1208103;0;0;3;0;0;0;0;0;2017-09-29 09:35:00
879;1207948;1208104;0;0;3;0;0;0;0;0;2017-09-29 09:35:00
1010;1208241;1208274;1;0;0;0;0;0;0;0;2017-09-29 09:35:00
1001;1208241;1208265;0;0;1;0;0;0;0;0;2017-09-29 09:35:00
838;1207948;1208037;0;0;4;4;0;0;0;0;2017-09-29 09:35:00
839;1207948;1208038;0;0;4;0;0;0;0;0;2017-09-29 09:35:00
835;1207948;1208034;0;0;3;0;0;0;0;0;2017-09-29 09:35:00
842;1207948;1208041;0;0;2;1;0;0;0;0;2017-09-29 09:35:00
819;1207948;1208018;0;0;0;3;0;0;0;0;2017-09-29 09:35:00
834;1207948;1208033;0;0;7;0;0;0;0;0;2017-09-29 09:35:00
843;1207948;1208042;0;0;0;0;0;0;0;0;2017-09-29 09:35:00
1014;1208241;1208278;0;0;0;0;0;0;0;0;2017-09-29 09:35:00
1003;1208241;1208267;0;0;0;0;0;0;0;0;2017-09-29 09:35:00
1039;1208241;1208303;0;0;0;0;0;0;0;0;2017-09-29 09:35:00
1262;1210472;1210553;0;0;1;0;0;0;0;0;2017-09-29 09:35:00
1264;1210472;1210555;1;0;3;0;0;1;0;0;2017-09-29 09:35:00
1250;1210472;1210541;0;0;0;0;0;0;0;0;2017-09-29 09:35:00
1267;1210472;1210558;0;0;0;0;0;0;0;0;2017-09-29 09:35:00
1261;1210472;1210552;0;0;0;0;0;0;0;0;2017-09-29 09:35:00
1272;1210472;1210563;1;0;0;0;0;0;0;0;2017-09-29 09:35:00
1389;1210615;1210715;0;0;0;0;0;0;0;0;2017-09-29 09:35:00
1388;1210615;1210714;0;0;0;0;0;0;0;0;2017-09-29 09:35:00
1446;1210647;1210796;0;0;0;0;0;0;0;0;2017-09-29 09:35:00
1512;1210647;1210864;0;0;0;0;0;0;0;1;2017-09-29 09:35:00
1513;1210647;1210865;0;0;0;0;0;0;0;0;2017-09-29 09:35:00
1514;1210647;1210866;0;0;1;1;0;0;0;0;2017-09-29 09:35:00
1523;1210647;1210875;0;0;0;0;0;0;0;0;2017-09-29 09:35:00
1508;1210647;1210860;0;0;0;0;0;0;0;0;2017-09-29 09:35:00
1497;1210647;1210849;0;0;0;0;0;0;0;0;2017-09-29 09:35:00
1498;1210647;1210850;0;0;1;0;0;4;0;0;2017-09-29 09:35:00
1503;1210647;1210855;0;0;0;0;0;0;0;0;2017-09-29 09:35:00
1454;1210647;1210806;0;0;0;0;0;0;0;0;2017-09-29 09:35:00
1495;1210647;1210847;0;0;1;0;0;0;0;3;2017-09-29 09:35:00
1501;1210647;1210853;0;0;0;1;0;0;0;0;2017-09-29 09:35:00
1506;1210647;1210858;0;0;2;0;0;0;0;0;2017-09-29 09:35:00
1507;1210647;1210859;0;0;0;0;0;0;0;0;2017-09-29 09:35:00
1505;1210647;1210857;0;0;0;2;0;0;0;1;2017-09-29 09:35:00
1504;1210647;1210856;0;0;0;0;0;0;0;0;2017-09-29 09:35:00
1502;1210647;1210854;0;0;0;0;0;0;0;0;2017-09-29 09:35:00
1452;1210647;1210804;0;0;0;1;0;1;0;0;2017-09-29 09:35:00
1526;1210647;1210878;0;0;0;0;0;0;0;0;2017-09-29 09:35:00
1393;1210617;1210731;0;0;0;0;2;1;0;0;2017-09-29 09:35:00
335;1205771;1205795;0;0;0;0;0;0;0;0;2017-09-29 09:35:00
306;1204922;1205746;0;0;0;0;0;0;0;0;2017-09-29 09:35:00
361;1205771;1205822;0;0;1;6;0;0;0;0;2017-09-29 09:35:00
392;1205771;1205851;0;0;0;0;0;0;0;0;2017-09-29 09:35:00
388;1205771;1205847;0;0;1;0;0;0;0;0;2017-09-29 09:35:00
291;1204922;1205016;0;0;0;0;0;0;0;0;2017-09-29 09:35:00
1464;1210617;1210817;0;0;0;3;2;0;0;3;2017-09-29 09:35:00
353;1205771;1205798;0;0;0;1;0;0;0;0;2017-09-29 09:35:00
379;1205771;1205838;0;0;0;0;0;0;0;0;2017-09-29 09:35:00
340;1205771;1205800;0;0;0;0;0;0;0;0;2017-09-29 09:35:00
832;1207948;1208031;0;0;1;0;0;0;0;2;2017-09-29 09:35:00
827;1207948;1208026;0;0;6;0;0;0;0;0;2017-09-29 09:35:00
1119;1208357;1208412;0;0;0;0;0;0;0;0;2017-09-29 09:35:00
1116;1208357;1208409;0;0;0;0;0;0;0;0;2017-09-29 09:35:00
1155;1208357;1210414;0;0;2;0;0;0;0;0;2017-09-29 09:35:00
998;1208241;1208262;0;0;0;0;0;0;0;0;2017-09-29 09:35:00
1008;1208241;1208272;0;0;0;0;0;0;0;0;2017-09-29 09:35:00
994;1208241;1208258;0;0;0;0;0;0;0;0;2017-09-29 09:35:00
1015;1208241;1208279;0;0;1;1;0;0;0;0;2017-09-29 09:35:00
1238;1210472;1210529;0;0;0;0;0;1;0;0;2017-09-29 09:35:00
1236;1210472;1210527;0;0;2;0;0;0;0;0;2017-09-29 09:35:00
1314;1210472;1210632;0;0;0;0;0;0;0;1;2017-09-29 09:35:00
1340;1210615;1210667;0;0;3;0;0;0;0;0;2017-09-29 09:35:00
1339;1210615;1210666;0;0;0;0;0;0;0;0;2017-09-29 09:35:00
1355;1210615;1210682;0;0;0;0;0;0;0;0;2017-09-29 09:35:00
1352;1210615;1210679;0;0;0;0;0;0;0;0;2017-09-29 09:35:00
1373;1210615;1210699;0;0;2;0;0;0;0;0;2017-09-29 09:35:00
1370;1210615;1210696;0;0;0;0;0;0;0;0;2017-09-29 09:35:00
1309;1210472;1210618;0;0;0;0;0;0;0;0;2017-09-29 09:35:00
1306;1210472;1210611;0;0;0;0;0;0;0;0;2017-09-29 09:35:00
1265;1210472;1210556;0;0;1;1;0;0;0;0;2017-09-29 09:35:00
1323;1210615;1210650;0;0;0;0;0;0;0;0;2017-09-29 09:35:00
1357;1210615;1210684;0;0;0;0;0;0;0;0;2017-09-29 09:35:00
1337;1210615;1210664;0;9;0;2;0;0;0;0;2017-09-29 09:35:00
1268;1210472;1210559;0;0;0;1;0;0;0;0;2017-09-29 09:35:00
1350;1210615;1210677;0;0;0;0;0;0;0;0;2017-09-29 09:35:00
1365;1210615;1210691;0;0;0;0;0;0;0;0;2017-09-29 09:35:00
1386;1210615;1210712;0;0;0;1;1;0;0;0;2017-09-29 09:35:00
1384;1210615;1210710;0;0;0;0;0;0;0;0;2017-09-29 09:35:00
1458;1210647;1210810;0;0;1;0;0;0;0;0;2017-09-29 09:35:00
1516;1210647;1210868;0;0;1;1;0;0;0;0;2017-09-29 09:35:00
1437;1210647;1210787;0;0;0;0;0;0;0;0;2017-09-29 09:35:00
1524;1210647;1210876;0;0;2;0;0;0;0;0;2017-09-29 09:35:00
1520;1210647;1210872;0;0;0;0;0;0;0;0;2017-09-29 09:35:00
1496;1210647;1210848;0;0;0;0;0;0;0;0;2017-09-29 09:35:00
1469;1210617;1210821;0;0;0;0;4;0;0;0;2017-09-29 09:35:00
332;1205771;1205792;0;0;1;2;0;0;0;0;2017-09-29 09:35:00
289;1204922;1205014;0;0;0;0;0;0;0;0;2017-09-29 09:35:00
1148;1208357;1209419;0;0;0;0;0;0;0;0;2017-09-29 09:35:00
1161;1208357;1210420;0;0;0;0;0;0;0;0;2017-09-29 09:35:00
1162;1208357;1210421;0;0;0;0;0;0;0;0;2017-09-29 09:35:00
1140;1208357;1209411;0;0;0;0;0;0;0;0;2017-09-29 09:35:00
1131;1208357;1208424;0;0;0;0;0;0;0;0;2017-09-29 09:35:00
1128;1208357;1208421;0;0;0;0;0;0;0;0;2017-09-29 09:35:00
1157;1208357;1210416;0;0;2;0;0;0;0;0;2017-09-29 09:35:00
1117;1208357;1208410;0;0;2;0;0;0;0;0;2017-09-29 09:35:00
1156;1208357;1210415;0;0;0;0;1;0;0;0;2017-09-29 09:35:00
1133;1208357;1208426;0;0;1;0;0;0;0;0;2017-09-29 09:35:00
1079;1208357;1208373;0;0;0;0;0;0;0;0;2017-09-29 09:35:00
967;1208109;1208217;0;0;1;0;0;0;0;0;2017-09-29 09:35:00
1152;1208357;1210411;0;0;0;0;0;0;0;0;2017-09-29 09:35:00
1134;1208357;1208427;0;0;0;0;0;0;0;0;2017-09-29 09:35:00
1154;1208357;1210413;0;0;2;0;0;0;0;0;2017-09-29 09:35:00
1124;1208357;1208417;0;0;0;0;0;0;0;0;2017-09-29 09:35:00
1231;1210472;1210523;0;0;0;0;0;0;0;0;2017-09-29 09:35:00
1002;1208241;1208266;0;0;0;0;0;0;0;0;2017-09-29 09:35:00
990;1208241;1208254;0;0;0;0;0;0;0;0;2017-09-29 09:35:00
991;1208241;1208255;0;0;1;0;0;0;0;0;2017-09-29 09:35:00
1006;1208241;1208270;0;0;0;0;0;0;0;0;2017-09-29 09:35:00
996;1208241;1208260;0;0;0;0;0;0;0;0;2017-09-29 09:35:00
575;1205766;1206923;0;0;0;1;0;0;0;0;2017-09-29 09:35:00
626;1207744;1207810;0;0;1;0;0;0;0;0;2017-09-29 09:35:00
1004;1208241;1208268;0;0;0;0;0;0;0;0;2017-09-29 09:35:00
1005;1208241;1208269;0;0;1;0;0;0;0;0;2017-09-29 09:35:00
997;1208241;1208261;0;0;0;0;0;0;0;0;2017-09-29 09:35:00
1012;1208241;1208276;0;0;2;0;0;0;0;0;2017-09-29 09:35:00
1009;1208241;1208273;0;0;0;0;0;2;0;1;2017-09-29 09:35:00
995;1208241;1208259;0;0;1;0;0;0;0;0;2017-09-29 09:35:00
1255;1210472;1210546;0;0;1;0;0;0;0;0;2017-09-29 09:35:00
1273;1210472;1210564;0;0;0;0;0;0;0;0;2017-09-29 09:35:00
1253;1210472;1210544;0;0;0;0;0;0;0;0;2017-09-29 09:35:00
1168;1208352;1210427;0;0;2;0;0;0;0;0;2017-09-29 09:35:00
1249;1210472;1210540;0;0;0;1;0;0;0;0;2017-09-29 09:35:00
1263;1210472;1210554;0;0;1;0;0;0;0;0;2017-09-29 09:35:00
1275;1210472;1210566;0;0;0;0;0;0;0;0;2017-09-29 09:35:00
1277;1210472;1210568;0;0;0;0;0;0;0;0;2017-09-29 09:35:00
1331;1210615;1210658;0;0;0;0;0;0;0;0;2017-09-29 09:35:00
1283;1210472;1210574;0;0;2;0;0;0;0;0;2017-09-29 09:35:00
1242;1210472;1210533;0;0;2;1;0;0;0;0;2017-09-29 09:35:00
1280;1210472;1210571;0;0;0;0;0;0;0;0;2017-09-29 09:35:00
1303;1210472;1210607;0;0;0;0;0;0;0;0;2017-09-29 09:35:00
1281;1210472;1210572;0;0;1;0;0;0;0;0;2017-09-29 09:35:00
1241;1210472;1210532;0;0;0;0;0;0;0;0;2017-09-29 09:35:00
1287;1210472;1210578;0;0;0;0;0;0;0;0;2017-09-29 09:35:00
1204;1210472;1210496;0;0;1;0;0;0;0;0;2017-09-29 09:35:00
1338;1210615;1210665;0;0;0;0;0;0;0;0;2017-09-29 09:35:00
1193;1210472;1210485;0;0;2;0;0;0;0;0;2017-09-29 09:35:00
1366;1210615;1210692;0;0;2;0;0;0;0;0;2017-09-29 09:35:00
1216;1210472;1210508;0;0;4;0;0;0;0;0;2017-09-29 09:35:00
1367;1210615;1210693;0;0;1;0;0;0;0;0;2017-09-29 09:35:00
1364;1210615;1210690;0;0;2;0;0;0;0;0;2017-09-29 09:35:00
1305;1210472;1210610;0;0;1;0;0;0;0;0;2017-09-29 09:35:00
1266;1210472;1210557;0;0;0;0;0;0;0;0;2017-09-29 09:35:00
1257;1210472;1210548;0;0;0;1;0;0;0;0;2017-09-29 09:35:00
1270;1210472;1210561;0;0;0;0;0;0;0;0;2017-09-29 09:35:00
1351;1210615;1210678;0;0;0;0;0;0;0;0;2017-09-29 09:35:00
1343;1210615;1210670;0;0;0;0;0;0;0;0;2017-09-29 09:35:00
1358;1210615;1210685;0;0;0;0;0;0;0;0;2017-09-29 09:35:00
1292;1210472;1210583;0;0;0;0;0;0;0;0;2017-09-29 09:35:00
1347;1210615;1210674;0;0;1;0;0;0;0;0;2017-09-29 09:35:00
1317;1210472;1210639;0;0;0;0;0;0;0;0;2017-09-29 09:35:00
1348;1210615;1210675;0;0;0;0;0;0;0;0;2017-09-29 09:35:00
1379;1210615;1210705;0;0;0;0;0;0;0;0;2017-09-29 09:35:00
1342;1210615;1210669;0;0;0;0;0;0;0;0;2017-09-29 09:35:00
1336;1210615;1210663;0;0;0;0;0;0;0;0;2017-09-29 09:35:00
1346;1210615;1210673;0;0;0;0;0;0;0;0;2017-09-29 09:35:00
1381;1210615;1210707;0;0;0;0;0;0;0;0;2017-09-29 09:35:00
1229;1210472;1210521;0;0;0;0;0;0;0;0;2017-09-29 09:35:00
1311;1210472;1210620;0;0;0;0;0;0;0;0;2017-09-29 09:35:00
1321;1210472;1210643;0;0;1;0;0;0;0;0;2017-09-29 09:35:00
1310;1210472;1210619;0;0;0;0;0;0;0;0;2017-09-29 09:35:00
1222;1210472;1210514;0;0;0;0;0;0;0;0;2017-09-29 09:35:00
1226;1210472;1210518;0;0;2;0;0;0;0;0;2017-09-29 09:35:00
1374;1210615;1210700;0;0;0;0;0;0;0;0;2017-09-29 09:35:00
1375;1210615;1210701;0;0;0;0;0;0;0;0;2017-09-29 09:35:00
1219;1210472;1210511;0;0;1;0;0;0;0;0;2017-09-29 09:35:00
1225;1210472;1210517;0;0;2;0;0;0;0;0;2017-09-29 09:35:00
1312;1210472;1210621;0;0;0;0;0;0;0;0;2017-09-29 09:35:00
1380;1210615;1210706;0;0;0;0;0;0;0;0;2017-09-29 09:35:00
1378;1210615;1210704;0;0;1;0;0;0;0;0;2017-09-29 09:35:00
1320;1210472;1210642;0;0;0;0;0;0;0;0;2017-09-29 09:35:00
1188;1210472;1210475;0;0;1;0;0;0;0;0;2017-09-29 09:35:00
1319;1210472;1210641;0;0;0;0;0;0;0;1;2017-09-29 09:35:00
1206;1210472;1210498;0;0;0;0;0;0;0;0;2017-09-29 09:35:00
1202;1210472;1210494;0;0;0;0;0;0;0;1;2017-09-29 09:35:00
1209;1210472;1210501;0;0;0;0;0;2;0;0;2017-09-29 09:35:00
1223;1210472;1210515;0;0;2;0;0;0;0;0;2017-09-29 09:35:00
1387;1210615;1210713;0;0;0;0;0;0;0;0;2017-09-29 09:35:00
1214;1210472;1210506;0;0;1;0;0;0;0;2;2017-09-29 09:35:00
1199;1210472;1210491;0;0;1;0;0;0;0;0;2017-09-29 09:35:00
1441;1210647;1210791;0;0;0;0;0;0;0;0;2017-09-29 09:35:00
1456;1210647;1210808;0;0;0;0;0;0;0;0;2017-09-29 09:35:00
1427;1210647;1210777;0;0;1;0;0;0;0;0;2017-09-29 09:35:00
1432;1210647;1210782;0;0;0;0;0;0;0;0;2017-09-29 09:35:00
1195;1210472;1210487;0;0;2;0;0;0;0;0;2017-09-29 09:35:00
1197;1210472;1210489;0;0;0;0;0;0;0;0;2017-09-29 09:35:00
1439;1210647;1210789;0;0;0;0;0;0;0;1;2017-09-29 09:35:00
1449;1210647;1210800;0;0;0;0;0;0;0;0;2017-09-29 09:35:00
1192;1210472;1210482;0;0;1;0;0;0;0;0;2017-09-29 09:35:00
1207;1210472;1210499;0;0;1;0;0;0;0;0;2017-09-29 09:35:00
1190;1210472;1210477;0;0;0;0;0;0;0;0;2017-09-29 09:35:00
1515;1210647;1210867;0;0;2;0;0;0;0;0;2017-09-29 09:35:00
1510;1210647;1210862;0;0;1;0;0;0;0;0;2017-09-29 09:35:00
1517;1210647;1210869;0;0;0;0;0;0;0;0;2017-09-29 09:35:00
1511;1210647;1210863;0;0;1;0;0;0;0;1;2017-09-29 09:35:00
1448;1210647;1210799;0;0;0;0;0;0;0;0;2017-09-29 09:35:00
1521;1210647;1210873;0;0;0;0;0;0;0;0;2017-09-29 09:35:00
1519;1210647;1210871;0;0;0;0;0;0;0;0;2017-09-29 09:35:00
1518;1210647;1210870;0;7;3;0;0;0;0;0;2017-09-29 09:35:00
1500;1210647;1210852;0;0;0;1;0;0;0;0;2017-09-29 09:35:00
1494;1210647;1210846;1;0;1;0;0;0;0;0;2017-09-29 09:35:00
1525;1210647;1210877;0;0;0;0;0;0;0;0;2017-09-29 09:35:00
1271;1210472;1210562;0;0;1;0;0;0;0;0;2017-09-29 09:35:00
1377;1210615;1210703;0;0;0;0;1;0;0;0;2017-09-29 09:35:00
1363;1210615;1210689;0;0;0;0;0;0;0;0;2017-09-29 09:35:00
1376;1210615;1210702;0;0;2;0;0;0;0;0;2017-09-29 09:35:00
1302;1210472;1210606;0;0;0;0;0;0;0;0;2017-09-29 09:35:00
1385;1210615;1210711;0;0;0;0;1;0;0;0;2017-09-29 09:35:00
1528;1210647;1210880;0;0;0;0;0;0;0;0;2017-09-29 09:35:00
1527;1210647;1210879;0;0;0;0;0;0;0;0;2017-09-29 09:35:00
1529;1210647;1210881;0;0;0;0;0;0;0;0;2017-09-29 09:35:00
1462;1210617;1210815;2;0;1;0;0;0;0;1;2017-09-29 09:35:00
396;1205771;1205855;0;0;2;0;0;0;0;0;2017-09-29 09:35:00
333;1205771;1205793;0;0;0;0;0;0;0;0;2017-09-29 09:35:00
279;1204922;1205004;0;0;0;0;0;0;0;0;2017-09-29 09:35:00
249;1204839;1204974;0;0;0;0;0;0;0;0;2017-09-29 09:35:00
1187;1210472;1210474;0;0;0;0;0;0;0;0;2017-09-29 09:35:00
1233;1210472;1210525;0;0;0;0;0;0;0;0;2017-09-29 09:35:00
1522;1210647;1210874;0;0;0;0;0;0;0;0;2017-09-29 09:35:00
1499;1210647;1210851;2;0;1;0;0;0;0;0;2017-09-29 09:35:00
199;1204839;1204889;0;0;0;0;0;0;0;0;2017-09-29 10:39:00
248;1204839;1204973;0;0;2;0;0;0;0;0;2017-09-29 10:40:00
1491;1210617;1210843;0;0;6;0;1;0;0;1;2017-09-29 11:17:00
1488;1210617;1210840;0;1;1;1;1;0;0;1;2017-09-29 11:54:00
1535;1210617;1210887;0;0;0;0;0;0;0;10;2017-09-29 12:33:00
1538;1210617;1210890;0;0;1;2;2;0;0;1;2017-09-29 12:46:00
1490;1210617;1210842;0;0;2;0;3;0;0;2;2017-09-29 12:56:00
1537;1210617;1210889;0;0;0;0;0;0;0;2;2017-09-29 13:09:00
1465;1210617;1210818;0;0;0;0;1;1;0;1;2017-09-29 13:15:00
1463;1210617;1210816;0;0;2;0;4;1;0;0;2017-09-29 14:19:00
1481;1210617;1210833;0;0;1;0;1;0;0;0;2017-09-29 18:12:00
1547;1210617;1210899;0;0;0;0;4;0;0;0;2017-09-29 20:07:00
1489;1210617;1210841;0;0;0;0;0;0;0;0;2017-09-29 23:16:00
378;1205771;1205837;0;0;0;0;0;0;0;0;2017-09-30 04:36:00
1033;1208109;1208297;0;0;0;0;0;0;0;0;2017-09-30 04:36:00
1027;1208109;1208291;0;0;0;0;0;0;0;0;2017-09-30 05:29:00
1031;1208109;1208295;0;0;0;0;0;0;0;0;2017-09-30 05:29:00
566;1206762;1206914;0;0;4;1;0;0;0;0;2017-09-30 06:59:00
553;1206762;1206901;0;0;3;0;0;0;0;0;2017-09-30 07:16:00
509;1206762;1206857;0;0;0;0;0;0;0;0;2017-09-30 07:16:00
302;1204922;1205027;0;0;0;0;0;0;0;0;2017-09-30 07:41:00
385;1205771;1205844;0;0;0;0;0;0;0;0;2017-09-30 07:43:00
237;1204839;1204962;0;0;0;0;0;0;0;0;2017-09-30 07:49:00
186;1204839;1204873;0;3;0;2;0;0;0;0;2017-09-30 07:59:00
393;1205771;1205852;0;0;0;0;0;0;0;0;2017-09-30 08:03:00
337;1205771;1205797;0;0;0;0;0;0;0;0;2017-09-30 08:03:00
258;1204922;1204983;0;0;0;0;0;0;0;0;2017-09-30 08:08:00
292;1204922;1205017;0;0;0;0;0;0;0;0;2017-09-30 08:12:00
369;1205771;1205828;0;0;0;0;0;0;0;0;2017-09-30 08:16:00
308;1204922;1205748;0;0;1;0;0;0;0;0;2017-09-30 09:21:00
314;1204922;1205755;0;0;0;0;0;0;0;0;2017-09-30 09:23:00
318;1204922;1205759;0;0;0;0;0;0;0;0;2017-09-30 09:27:00
381;1205771;1205840;0;0;2;0;0;0;0;0;2017-09-30 09:44:00
200;1204839;1204890;0;0;0;0;0;0;0;1;2017-09-30 09:51:00
390;1205771;1205849;0;0;0;0;0;0;0;0;2017-09-30 09:54:00
288;1204922;1205013;0;0;0;0;0;0;0;1;2017-09-30 09:59:00
504;1206762;1206852;0;0;0;0;0;0;0;0;2017-09-30 11:21:00
1555;1210617;1210926;0;0;1;6;2;0;0;0;2017-09-30 14:30:00
1542;1210617;1210894;0;0;0;2;0;0;0;2;2017-09-30 14:41:00
1549;1210617;1210901;0;0;2;0;0;0;0;2;2017-09-30 14:50:00
1543;1210617;1210895;2;0;0;0;1;0;0;0;2017-09-30 15:01:00
1551;1210617;1210913;0;0;0;0;10;0;0;0;2017-09-30 15:15:00
1544;1210617;1210896;0;0;2;4;0;0;0;2;2017-09-30 15:27:00
1534;1210617;1210886;0;0;0;4;0;0;0;0;2017-09-30 15:52:00
1545;1210617;1210897;0;0;0;0;0;0;0;0;2017-09-30 16:06:00
1486;1210617;1210838;0;0;0;0;0;0;0;3;2017-09-30 16:38:00
1540;1210617;1210892;0;0;0;0;0;0;0;1;2017-09-30 16:46:00
1552;1210617;1210917;0;0;0;0;4;0;0;0;2017-09-30 19:33:00
368;1205771;1205827;0;0;0;1;0;0;0;0;2017-09-30 21:24:00
283;1204922;1205008;0;0;1;0;0;0;0;1;2017-09-30 21:25:00
275;1204922;1205000;0;0;1;0;0;0;0;0;2017-09-30 21:26:00
441;1205771;1206775;0;0;0;0;0;0;0;0;2017-09-30 22:48:00
538;1206762;1206886;0;1;0;0;0;0;0;0;2017-10-01 01:36:00
534;1206762;1206882;0;0;0;0;0;0;0;0;2017-10-01 01:37:00
376;1205771;1205835;0;0;0;0;0;0;0;0;2017-10-01 01:51:00
278;1204922;1205003;0;0;0;0;0;0;0;0;2017-10-01 01:51:00
548;1206762;1206896;0;0;0;0;0;0;0;0;2017-10-01 02:31:00
514;1206762;1206862;0;0;0;0;0;0;0;0;2017-10-01 02:32:00
363;1205771;1205824;0;0;0;0;0;0;0;0;2017-10-01 02:41:00
537;1206762;1206885;0;0;0;0;0;0;0;0;2017-10-01 02:41:00
207;1204839;1204901;0;0;0;0;0;0;0;0;2017-10-01 22:53:00
265;1204922;1204990;0;0;0;0;0;0;0;0;2017-10-01 22:54:00
343;1205771;1205807;0;0;0;0;0;0;0;0;2017-10-01 23:00:00
188;1204839;1204875;0;0;0;0;0;0;0;0;2017-10-01 23:01:00
182;1204839;1204869;0;0;0;0;0;0;0;0;2017-10-01 23:05:00
243;1204839;1204968;0;0;0;0;0;0;0;0;2017-09-29 09:38:00
264;1204922;1204989;0;0;0;0;0;0;0;0;2017-09-29 09:45:00
242;1204839;1204966;0;0;0;0;0;0;0;0;2017-09-29 09:51:00
254;1204922;1204979;0;0;0;0;0;0;0;0;2017-09-29 09:57:00
239;1204839;1204964;0;0;0;0;0;0;0;0;2017-09-29 09:58:00
187;1204839;1204874;0;0;0;1;0;0;0;0;2017-09-29 10:18:00
201;1204839;1204891;0;0;0;0;0;0;0;1;2017-09-29 10:25:00
198;1204839;1204888;0;0;1;0;0;0;0;0;2017-09-29 10:26:00
196;1204839;1204886;0;0;0;0;0;0;0;0;2017-09-29 10:32:00
189;1204839;1204876;0;0;0;0;0;0;0;0;2017-09-29 10:32:00
1536;1210617;1210888;0;0;0;0;0;0;0;2;2017-09-29 13:33:00
1539;1210617;1210891;0;0;0;0;10;0;0;0;2017-09-29 16:08:00
1466;1210617;1210819;0;0;0;1;2;0;0;0;2017-09-29 16:58:00
1546;1210617;1210898;0;0;0;0;6;0;0;4;2017-09-30 00:30:00
1032;1208109;1208296;0;0;1;0;0;0;0;0;2017-09-30 01:44:00
1029;1208109;1208293;0;0;0;0;0;0;0;0;2017-09-30 02:58:00
1028;1208109;1208292;0;0;0;0;0;0;0;0;2017-09-30 02:59:00
569;1206762;1206917;0;0;1;1;0;0;0;0;2017-09-30 03:33:00
565;1206762;1206913;0;0;2;1;0;0;0;0;2017-09-30 03:41:00
286;1204922;1205011;0;0;0;0;0;0;0;0;2017-09-30 03:49:00
571;1206762;1206919;0;0;2;0;0;0;0;0;2017-09-30 03:50:00
550;1206762;1206898;0;0;2;0;0;0;0;1;2017-09-30 04:02:00
568;1206762;1206916;0;0;1;0;0;0;0;0;2017-09-30 04:03:00
240;1204839;1204965;0;0;1;1;0;0;0;0;2017-09-30 04:14:00
1030;1208109;1208294;0;0;0;0;0;0;0;0;2017-09-30 04:16:00
530;1206762;1206878;0;0;0;0;0;0;0;0;2017-09-30 04:53:00
539;1206762;1206887;0;0;0;0;0;0;0;0;2017-09-30 04:54:00
387;1205771;1205846;0;0;0;0;0;0;0;0;2017-09-30 08:22:00
326;1205771;1205785;0;0;0;0;0;0;0;0;2017-09-30 08:26:00
366;1205771;1205819;0;0;1;1;0;0;0;0;2017-09-30 08:27:00
395;1205771;1205854;0;0;0;0;0;0;0;0;2017-09-30 08:31:00
262;1204922;1204987;0;0;0;0;0;0;0;0;2017-09-30 08:32:00
352;1205771;1205776;0;0;1;0;0;0;0;0;2017-09-30 08:37:00
260;1204922;1204985;0;0;0;0;0;0;0;0;2017-09-30 08:38:00
300;1204922;1205025;0;0;1;0;0;0;0;0;2017-09-30 08:40:00
276;1204922;1205001;0;0;1;0;0;0;0;0;2017-09-30 08:47:00
281;1204922;1205006;0;0;0;0;0;0;0;0;2017-09-30 08:47:00
305;1204922;1205745;0;0;0;0;0;0;0;0;2017-09-30 08:52:00
564;1206762;1206912;0;0;1;0;0;0;0;0;2017-09-30 11:04:00
563;1206762;1206911;0;0;0;1;0;0;0;0;2017-09-30 11:58:00
526;1206762;1206874;0;0;0;0;0;0;0;0;2017-09-30 12:05:00
546;1206762;1206894;0;0;0;0;0;0;0;0;2017-09-30 12:09:00
544;1206762;1206892;0;0;4;1;0;0;0;0;2017-09-30 12:23:00
556;1206762;1206904;0;0;3;0;0;0;0;0;2017-09-30 12:28:00
294;1204922;1205019;0;0;0;0;0;0;0;0;2017-09-30 12:37:00
377;1205771;1205836;0;0;0;0;0;0;0;0;2017-09-30 12:38:00
365;1205771;1205826;0;0;2;0;1;0;0;0;2017-09-30 12:44:00
373;1205771;1205832;0;0;0;0;0;0;0;0;2017-09-30 12:46:00
370;1205771;1205829;0;0;0;0;0;0;0;0;2017-09-30 12:48:00
297;1204922;1205022;0;0;1;0;0;0;0;0;2017-09-30 12:57:00
269;1204922;1204994;0;0;0;0;0;0;0;0;2017-09-30 12:58:00
357;1205771;1205818;0;0;0;0;0;0;0;0;2017-09-30 12:59:00
272;1204922;1204997;0;0;2;0;0;0;0;0;2017-09-30 13:05:00
299;1204922;1205024;0;0;0;0;0;0;0;0;2017-09-30 13:05:00
287;1204922;1205012;0;0;0;0;0;0;0;0;2017-09-30 13:09:00
210;1204839;1204904;0;0;0;0;0;0;0;0;2017-09-30 13:10:00
397;1205771;1205856;0;0;0;0;0;0;0;0;2017-09-30 13:14:00
360;1205771;1205821;0;0;0;0;0;0;0;0;2017-09-30 13:15:00
371;1205771;1205830;0;1;0;0;0;0;0;0;2017-09-30 13:19:00
267;1204922;1204992;0;0;0;0;0;0;0;0;2017-09-30 13:19:00
1548;1210617;1210900;0;0;0;2;0;0;0;3;2017-09-30 13:39:00
1554;1210617;1210925;0;0;0;0;0;0;0;0;2017-09-30 13:55:00
1556;1210617;1210927;0;0;1;0;1;0;0;1;2017-09-30 15:37:00
171;1204839;1204858;0;0;0;0;0;0;0;0;2017-10-02 06:29:00
183;1204839;1204870;0;0;0;0;0;0;0;0;2017-10-02 06:39:00
190;1204839;1204877;0;0;0;0;0;0;0;0;2017-10-02 07:13:00
178;1204839;1204865;0;0;0;0;0;0;0;0;2017-10-02 07:25:00
1632;1211432;1211467;0;0;0;0;0;0;0;0;2017-10-02 07:53:00
1637;1211432;1211472;0;0;2;4;3;0;0;1;2017-10-02 13:39:00
1634;1211432;1211469;0;0;0;0;0;0;0;0;2017-10-02 17:28:00
1630;1211432;1211465;0;0;0;0;3;0;1;0;2017-10-02 17:59:00
1603;1210797;1210996;0;0;2;0;1;0;0;0;2017-10-02 19:00:00
1602;1210797;1210995;0;0;0;0;1;0;0;5;2017-10-02 20:00:00
1601;1210797;1210994;0;0;0;0;0;0;0;3;2017-10-02 20:28:00
1636;1211432;1211471;0;0;0;0;2;0;0;1;2017-10-02 22:21:00
1631;1211432;1211466;0;0;0;0;0;0;2;1;2017-10-02 22:56:00
1599;1210797;1210992;0;0;0;0;0;0;0;0;2017-10-02 23:21:00
102;201709071;1204754;0;0;1;0;0;0;0;0;2017-10-03 00:02:00
487;1206762;1206835;0;0;0;0;0;0;0;0;2017-10-03 00:07:00
1166;1208352;1210425;0;0;1;0;0;0;0;3;2017-10-03 00:38:00
1139;1208352;1209410;0;0;4;0;0;0;0;0;2017-10-03 00:48:00
195;1204839;1204885;0;0;0;2;0;0;0;0;2017-10-03 01:29:00
103;201709071;1204755;0;0;1;0;0;0;0;1;2017-10-03 01:40:00
384;1205771;1205843;0;0;0;0;0;0;0;0;2017-10-03 01:42:00
149;201709111;1204834;0;0;0;0;0;0;0;0;2017-10-03 03:28:00
1600;1210797;1210993;0;0;1;0;2;0;0;0;2017-10-03 04:01:00
549;1206762;1206897;0;0;0;0;0;0;0;0;2017-10-03 04:30:00
1560;1210617;1210932;0;0;0;0;4;0;0;0;2017-10-03 06:09:00
208;1204839;1204902;0;0;0;0;0;0;0;0;2017-09-29 10:15:00
1468;1210617;1210820;0;0;2;0;3;0;0;0;2017-09-29 14:58:00
1533;1210617;1210885;0;0;0;1;2;0;0;0;2017-09-29 20:49:00
1482;1210617;1210834;0;0;0;3;0;1;0;4;2017-09-29 22:21:00
1550;1210617;1210902;0;0;0;0;2;0;0;0;2017-09-30 17:44:00
1541;1210617;1210893;0;0;0;0;6;0;0;0;2017-09-30 18:29:00
1487;1210617;1210839;0;0;0;0;3;0;0;0;2017-09-30 18:48:00
1553;1210617;1210924;0;0;0;0;0;0;0;0;2017-09-30 19:15:00
295;1204922;1205020;0;0;0;0;0;0;0;0;2017-09-30 20:57:00
341;1205771;1205801;0;0;0;0;0;0;0;0;2017-09-30 21:01:00
345;1205771;1205810;0;0;0;0;0;0;0;0;2017-09-30 21:02:00
354;1205771;1205812;0;0;0;1;0;0;0;0;2017-09-30 21:04:00
374;1205771;1205833;0;0;0;0;0;0;0;0;2017-09-30 23:20:00
540;1206762;1206888;0;0;1;0;0;0;0;0;2017-09-30 23:38:00
440;1205771;1206773;0;0;0;0;0;0;0;0;2017-10-01 00:11:00
524;1206762;1206872;0;0;0;0;0;0;0;0;2017-10-01 00:13:00
516;1206762;1206864;0;0;1;0;0;0;0;0;2017-10-01 00:14:00
552;1206762;1206900;0;0;0;0;0;0;0;0;2017-10-01 00:38:00
293;1204922;1205018;0;0;0;0;0;0;0;0;2017-10-01 00:39:00
527;1206762;1206875;0;0;1;0;0;0;0;0;2017-10-01 03:08:00
245;1204839;1204970;0;0;0;0;0;0;0;0;2017-10-01 03:08:00
533;1206762;1206881;0;0;2;1;0;0;0;0;2017-10-01 03:14:00
547;1206762;1206895;0;0;0;0;0;0;0;0;2017-10-01 03:15:00
543;1206762;1206891;0;0;1;0;0;0;0;0;2017-10-01 03:33:00
437;1205771;1206769;0;0;0;0;0;0;0;0;2017-10-01 04:28:00
253;1204922;1204978;0;0;0;0;0;0;0;0;2017-10-01 22:27:00
350;1205771;1205816;0;0;0;0;0;0;0;0;2017-10-01 22:28:00
255;1204922;1204980;0;0;0;0;0;0;0;1;2017-10-01 22:36:00
209;1204839;1204903;0;0;1;0;0;0;0;0;2017-10-01 22:41:00
150;201709111;1204835;0;0;0;0;0;0;0;0;2017-10-02 01:32:00
155;201709111;1204841;0;0;0;0;0;0;0;0;2017-10-02 01:34:00
140;201709111;1204811;0;0;0;0;0;0;0;0;2017-10-02 01:38:00
130;201709111;1204784;0;0;1;0;0;0;0;0;2017-10-02 01:50:00
115;201709111;1204769;0;0;0;0;0;0;0;2;2017-10-02 02:31:00
193;1204839;1204880;0;0;0;0;0;0;0;0;2017-10-02 07:01:00
194;1204839;1204883;0;0;0;0;0;0;0;0;2017-10-02 07:18:00
1604;1210797;1210997;0;0;0;0;0;0;0;0;2017-10-02 08:54:00
1605;1210797;1210998;0;0;0;0;1;0;0;0;2017-10-02 18:28:00
1565;1210617;1210937;0;0;3;0;0;0;0;5;2017-10-03 03:04:00
1660;1211432;1211495;0;0;0;0;2;0;0;0;2017-10-03 07:11:00
1561;1210617;1210933;0;0;0;0;1;0;1;0;2017-10-03 07:26:00
172;1204839;1204859;0;0;0;0;0;0;0;0;2017-10-01 23:13:00
184;1204839;1204871;0;0;1;0;0;0;0;0;2017-10-01 23:21:00
185;1204839;1204872;0;0;3;0;0;0;0;0;2017-10-01 23:29:00
173;1204839;1204860;0;0;0;0;0;0;0;0;2017-10-01 23:51:00
180;1204839;1204867;0;0;1;1;0;1;0;0;2017-10-02 00:00:00
192;1204839;1204879;0;0;0;0;0;0;0;0;2017-10-02 00:10:00
116;201709111;1204770;0;0;0;0;0;0;0;0;2017-10-02 00:23:00
154;201709111;1204840;0;0;1;0;0;0;0;0;2017-10-02 00:28:00
181;1204839;1204868;0;0;1;0;0;0;0;0;2017-10-02 00:53:00
179;1204839;1204866;0;0;2;0;0;0;0;0;2017-10-02 00:58:00
144;201709111;1204826;0;0;0;0;0;0;0;0;2017-10-02 00:59:00
113;201709111;1204765;0;0;0;0;0;0;0;0;2017-10-02 03:37:00
124;201709111;1204778;0;2;0;0;0;0;0;0;2017-10-02 03:41:00
142;201709111;1204816;0;0;0;0;0;0;0;9;2017-10-02 03:47:00
136;201709111;1204790;0;0;0;0;0;0;0;0;2017-10-02 03:51:00
148;201709111;1204831;0;0;2;0;0;0;0;0;2017-10-02 03:53:00
138;201709111;1204801;0;0;0;0;0;0;0;0;2017-10-02 03:54:00
96;201709071;1204748;0;0;2;2;0;0;0;0;2017-10-02 04:03:00
1606;1210797;1210999;0;0;0;0;0;0;0;0;2017-10-02 21:31:00
1163;1208352;1210422;3;0;3;1;0;0;0;0;2017-10-03 01:05:00
1563;1210617;1210935;0;0;1;3;0;0;0;1;2017-10-03 02:31:00
146;201709111;1204828;0;0;0;1;0;1;0;0;2017-10-02 01:08:00
153;201709111;1204838;0;0;0;0;0;0;0;0;2017-10-02 01:09:00
145;201709111;1204827;0;0;1;0;0;0;0;0;2017-10-02 01:18:00
137;201709111;1204799;0;0;0;0;0;0;0;0;2017-10-02 01:52:00
157;201709111;1204844;0;0;0;0;0;0;0;0;2017-10-02 01:54:00
147;201709111;1204829;0;0;0;0;0;0;0;0;2017-10-02 01:55:00
110;201709111;1204762;0;0;0;0;0;0;0;0;2017-10-02 01:57:00
108;201709111;1204760;0;0;0;0;0;1;0;0;2017-10-02 02:01:00
111;201709111;1204763;0;0;0;0;0;0;0;0;2017-10-02 02:34:00
109;201709111;1204761;0;0;0;0;1;0;0;0;2017-10-02 02:39:00
112;201709111;1204764;0;0;0;0;0;0;0;0;2017-10-02 02:42:00
122;201709111;1204776;0;0;0;0;0;0;0;0;2017-10-02 02:43:00
174;1204839;1204861;0;0;0;0;0;0;0;0;2017-10-02 02:44:00
152;201709111;1204837;0;0;0;0;0;0;0;0;2017-10-02 02:46:00
177;1204839;1204864;0;0;0;0;0;0;0;0;2017-10-02 02:48:00
120;201709111;1204774;0;0;0;0;0;1;0;0;2017-10-02 03:04:00
134;201709111;1204788;0;0;0;0;0;0;0;0;2017-10-02 03:06:00
92;201709071;1204744;0;0;0;1;0;0;0;0;2017-10-02 03:07:00
107;201709071;1204759;0;0;1;4;0;0;0;0;2017-10-02 03:12:00
121;201709111;1204775;0;1;0;0;0;0;0;1;2017-10-02 03:22:00
118;201709111;1204772;0;0;0;0;0;0;0;0;2017-10-02 03:31:00
126;201709111;1204780;0;0;0;0;0;0;0;0;2017-10-02 03:36:00
106;201709071;1204758;0;0;1;0;0;0;0;1;2017-10-02 04:29:00
141;201709111;1204815;0;0;1;0;0;0;0;0;2017-10-02 04:30:00
151;201709111;1204836;0;0;0;0;0;0;0;0;2017-10-02 04:31:00
98;201709071;1204750;0;0;0;2;0;0;0;0;2017-10-02 04:34:00
94;201709071;1204746;0;0;0;1;0;0;0;0;2017-10-02 04:36:00
119;201709111;1204773;0;0;0;0;0;1;0;6;2017-10-02 04:40:00
128;201709111;1204782;0;0;0;0;0;0;0;0;2017-10-02 04:44:00
99;201709071;1204751;0;0;0;5;0;0;0;0;2017-10-02 04:47:00
97;201709071;1204749;0;0;0;6;0;0;0;0;2017-10-02 04:52:00
101;201709071;1204753;1;0;1;3;0;0;0;2;2017-10-02 05:12:00
100;201709071;1204752;0;0;0;6;0;0;0;0;2017-10-02 05:37:00
176;1204839;1204863;0;0;0;0;0;0;0;0;2017-10-02 05:43:00
170;1204839;1204857;0;0;0;0;0;0;0;0;2017-10-02 05:51:00
175;1204839;1204862;0;0;0;0;0;0;0;0;2017-10-02 05:53:00
191;1204839;1204878;0;0;0;0;0;0;0;0;2017-10-02 05:56:00
677;1207744;1207863;0;0;2;0;0;16;0;0;2017-10-02 09:35:00
135;201709111;1204789;0;0;0;0;0;0;0;0;2017-10-03 04:43:00
290;1204922;1205015;0;0;0;0;0;0;0;0;2017-10-03 04:49:00
1175;1208352;1210450;0;0;0;0;0;0;0;4;2017-10-03 04:59:00
1108;1208352;1208401;0;0;3;0;0;0;0;0;2017-10-03 05:21:00
1071;1208352;1208365;0;0;3;0;0;0;0;1;2017-10-03 05:40:00
1558;1210617;1210930;0;0;0;6;2;0;0;0;2017-10-03 06:44:00
1635;1211432;1211470;0;0;0;0;2;0;0;0;2017-10-02 14:08:00
