Nr_Zlecenia_Produkcyjnego;BrakLutowia;BrakKomponentu;ZabrudzonaDioda;UszkodzonaDioda;UszkodzonePCB;PrzesuniecieDiody;ZanieczyszczenieZpieca;Inne;DataCzas
1206886;0;1;0;0;0;0;0;0;01.10.2017 01:36:00
1206882;0;0;0;0;0;0;0;0;01.10.2017 01:37:00
1205835;0;0;0;0;0;0;0;0;01.10.2017 01:51:00
1205003;0;0;0;0;0;0;0;0;01.10.2017 01:51:00
1206896;0;0;0;0;0;0;0;0;01.10.2017 02:31:00
1206862;0;0;0;0;0;0;0;0;01.10.2017 02:32:00
1205824;0;0;0;0;0;0;0;0;01.10.2017 02:41:00
1206885;0;0;0;0;0;0;0;0;01.10.2017 02:41:00
1204901;0;0;0;0;0;0;0;0;01.10.2017 22:53:00
1204990;0;0;0;0;0;0;0;0;01.10.2017 22:54:00
1205807;0;0;0;0;0;0;0;0;01.10.2017 23:00:00
1204875;0;0;0;0;0;0;0;0;01.10.2017 23:01:00
1204869;0;0;0;0;0;0;0;0;01.10.2017 23:05:00
1204858;0;0;0;0;0;0;0;0;02.10.2017 06:29:00
1204870;0;0;0;0;0;0;0;0;02.10.2017 06:39:00
1204877;0;0;0;0;0;0;0;0;02.10.2017 07:13:00
1204865;0;0;0;0;0;0;0;0;02.10.2017 07:25:00
1211467;0;0;0;0;0;0;0;0;02.10.2017 07:53:00
1211472;0;0;2;4;3;0;0;1;02.10.2017 13:39:00
1211469;0;0;0;0;0;0;0;0;02.10.2017 17:28:00
1211465;0;0;0;0;3;0;1;0;02.10.2017 17:59:00
1210996;0;0;2;0;1;0;0;0;02.10.2017 19:00:00
1210995;0;0;0;0;1;0;0;5;02.10.2017 20:00:00
1210994;0;0;0;0;0;0;0;3;02.10.2017 20:28:00
1211471;0;0;0;0;2;0;0;1;02.10.2017 22:21:00
1211466;0;0;0;0;0;0;2;1;02.10.2017 22:56:00
1210992;0;0;0;0;0;0;0;0;02.10.2017 23:21:00
1204754;0;0;1;0;0;0;0;0;03.10.2017 00:02:00
1206835;0;0;0;0;0;0;0;0;03.10.2017 00:07:00
1210425;0;0;1;0;0;0;0;3;03.10.2017 00:38:00
1209410;0;0;4;0;0;0;0;0;03.10.2017 00:48:00
1204885;0;0;0;2;0;0;0;0;03.10.2017 01:29:00
1204755;0;0;1;0;0;0;0;1;03.10.2017 01:40:00
1205843;0;0;0;0;0;0;0;0;03.10.2017 01:42:00
1204834;0;0;0;0;0;0;0;0;03.10.2017 03:28:00
1210993;0;0;1;0;2;0;0;0;03.10.2017 04:01:00
1206897;0;0;0;0;0;0;0;0;03.10.2017 04:30:00
1210932;0;0;0;0;4;0;0;0;03.10.2017 06:09:00
1211468;0;0;1;0;4;0;1;0;03.10.2017 08:05:00
1210928;0;0;0;0;0;0;1;0;03.10.2017 08:42:00
1210934;0;0;0;0;3;0;0;1;03.10.2017 09:03:00
1210936;0;0;0;0;4;0;3;0;03.10.2017 11:11:00
1207854;0;0;1;0;0;0;0;0;03.10.2017 11:59:00
1207805;0;0;0;0;0;0;0;2;03.10.2017 13:35:00
1207860;0;0;0;0;0;0;0;0;03.10.2017 13:44:00
1207853;0;0;0;0;0;0;0;1;03.10.2017 14:17:00
1207783;0;1;0;0;0;0;0;0;03.10.2017 14:22:00
1207851;0;0;0;0;0;0;0;0;03.10.2017 14:29:00
1210742;0;0;0;0;0;1;0;0;03.10.2017 15:07:00
1210766;0;0;0;4;0;0;0;0;03.10.2017 16:04:00
1210780;0;0;0;0;0;0;0;0;03.10.2017 16:27:00
1207857;0;0;1;0;0;0;0;0;03.10.2017 16:55:00
1210740;0;0;0;0;0;0;0;0;03.10.2017 17:13:00
1210733;0;0;1;0;0;0;0;0;03.10.2017 19:19:00
1210778;0;0;0;0;0;0;0;0;03.10.2017 19:40:00
1210767;0;1;1;0;0;1;0;0;03.10.2017 22:35:00
1208379;0;0;0;0;0;0;0;0;03.10.2017 23:15:00
1206773;0;0;0;0;0;0;0;0;01.10.2017 00:11:00
1206872;0;0;0;0;0;0;0;0;01.10.2017 00:13:00
1206864;0;0;1;0;0;0;0;0;01.10.2017 00:14:00
1206900;0;0;0;0;0;0;0;0;01.10.2017 00:38:00
1205018;0;0;0;0;0;0;0;0;01.10.2017 00:39:00
1206875;0;0;1;0;0;0;0;0;01.10.2017 03:08:00
1204970;0;0;0;0;0;0;0;0;01.10.2017 03:08:00
1206881;0;0;2;1;0;0;0;0;01.10.2017 03:14:00
1206895;0;0;0;0;0;0;0;0;01.10.2017 03:15:00
1206891;0;0;1;0;0;0;0;0;01.10.2017 03:33:00
1206769;0;0;0;0;0;0;0;0;01.10.2017 04:28:00
1204978;0;0;0;0;0;0;0;0;01.10.2017 22:27:00
1205816;0;0;0;0;0;0;0;0;01.10.2017 22:28:00
1204980;0;0;0;0;0;0;0;1;01.10.2017 22:36:00
1204903;0;0;1;0;0;0;0;0;01.10.2017 22:41:00
1204835;0;0;0;0;0;0;0;0;02.10.2017 01:32:00
1204841;0;0;0;0;0;0;0;0;02.10.2017 01:34:00
1204811;0;0;0;0;0;0;0;0;02.10.2017 01:38:00
1204784;0;0;1;0;0;0;0;0;02.10.2017 01:50:00
1204769;0;0;0;0;0;0;0;2;02.10.2017 02:31:00
1204880;0;0;0;0;0;0;0;0;02.10.2017 07:01:00
1204883;0;0;0;0;0;0;0;0;02.10.2017 07:18:00
1210997;0;0;0;0;0;0;0;0;02.10.2017 08:54:00
1210998;0;0;0;0;1;0;0;0;02.10.2017 18:28:00
1210937;0;0;3;0;0;0;0;5;03.10.2017 03:04:00
1211495;0;0;0;0;2;0;0;0;03.10.2017 07:11:00
1210933;0;0;0;0;1;0;1;0;03.10.2017 07:26:00
1210931;0;0;0;0;0;0;1;0;03.10.2017 08:21:00
1210772;0;0;0;0;0;0;0;0;03.10.2017 14:44:00
1207866;0;0;0;0;0;0;0;0;03.10.2017 20:58:00
1208380;0;0;2;1;0;0;0;0;03.10.2017 23:29:00
1210775;0;0;1;0;0;0;0;2;04.10.2017 00:25:00
1210776;0;0;0;0;0;0;0;2;04.10.2017 00:44:00
1208374;0;0;0;0;0;0;0;0;04.10.2017 01:09:00
1210419;0;0;1;0;0;0;0;0;04.10.2017 01:17:00
1210769;0;0;0;0;0;0;0;0;04.10.2017 01:26:00
1210779;0;0;1;1;0;0;0;0;04.10.2017 01:41:00
1210492;0;0;0;0;0;0;0;0;04.10.2017 02:09:00
1210486;0;0;0;0;1;0;0;0;04.10.2017 02:15:00
1210504;0;0;0;0;1;0;0;0;04.10.2017 02:24:00
1210432;0;0;2;0;0;0;0;0;04.10.2017 03:16:00
1210490;0;0;0;0;0;0;0;0;04.10.2017 03:49:00
1210773;0;0;0;2;0;0;0;0;04.10.2017 03:57:00
1208402;0;0;3;5;0;0;0;0;04.10.2017 04:21:00
1210417;0;0;3;0;0;0;0;0;04.10.2017 05:02:00
1210770;0;0;1;0;0;0;0;0;04.10.2017 05:08:00
1210750;0;0;0;0;0;0;0;0;04.10.2017 06:10:00
1207769;0;0;0;0;0;0;0;0;04.10.2017 06:53:00
1207852;1;0;0;0;0;0;0;1;04.10.2017 07:47:00
1207849;0;0;1;1;0;0;0;0;04.10.2017 07:53:00
1207803;24;0;0;1;0;0;0;0;04.10.2017 08:00:00
1207818;0;0;0;1;0;0;0;0;04.10.2017 08:06:00
1207755;0;0;0;2;0;0;0;13;04.10.2017 08:13:00
1206918;0;0;1;1;0;0;0;0;04.10.2017 08:15:00
1207867;0;0;3;0;0;0;0;3;04.10.2017 09:05:00
1207824;5;0;0;1;0;0;0;1;04.10.2017 09:29:00
1211494;0;0;0;0;4;0;2;0;04.10.2017 11:08:00
1212601;1;0;0;1;2;0;0;1;04.10.2017 19:44:00
1211478;0;0;0;3;0;0;0;2;04.10.2017 22:35:00
1208378;0;0;2;0;0;0;0;7;05.10.2017 01:59:00
1211456;0;0;2;8;0;0;0;5;05.10.2017 02:53:00
1211474;0;0;1;1;0;0;0;2;05.10.2017 03:19:00
1210435;0;0;5;0;1;0;0;1;05.10.2017 04:05:00
1211463;0;2;0;0;2;0;0;10;05.10.2017 05:55:00
1212600;0;0;1;0;12;0;0;0;05.10.2017 06:27:00
1211003;0;0;0;0;5;0;0;1;05.10.2017 09:40:00
1211004;0;0;0;0;0;0;2;0;05.10.2017 09:58:00
1212609;0;0;0;0;3;0;2;0;05.10.2017 10:27:00
1211000;0;0;0;0;2;0;0;0;05.10.2017 11:08:00
1211457;0;0;0;0;4;0;0;0;05.10.2017 13:07:00
1211480;0;0;0;0;5;0;0;0;05.10.2017 13:20:00
1211479;0;0;0;0;0;0;0;0;05.10.2017 13:49:00
1210748;0;0;0;0;0;0;0;0;05.10.2017 14:21:00
1210979;0;0;0;0;1;0;0;0;05.10.2017 16:18:00
1210737;0;0;0;0;0;0;0;0;05.10.2017 16:25:00
1212638;0;0;0;0;0;0;0;1;05.10.2017 16:33:00
1206926;0;0;0;1;0;0;0;0;05.10.2017 17:57:00
1210983;0;0;0;0;0;0;0;0;05.10.2017 18:26:00
1206927;0;0;1;0;0;0;0;0;05.10.2017 19:28:00
1210751;0;0;0;0;0;0;0;1;05.10.2017 19:42:00
1210738;0;0;1;1;0;0;0;0;05.10.2017 19:54:00
1210716;0;0;0;0;0;0;0;0;05.10.2017 20:12:00
1210980;0;0;1;0;0;0;0;0;05.10.2017 20:41:00
1204926;0;0;1;1;0;0;0;1;05.10.2017 23:21:00
1204936;0;0;0;0;0;0;0;0;05.10.2017 23:51:00
1204931;0;0;1;0;0;1;0;3;06.10.2017 00:08:00
1210734;0;0;0;0;0;0;0;0;06.10.2017 00:14:00
1210746;0;0;0;0;0;0;0;9;06.10.2017 01:05:00
1206930;1;0;1;0;0;0;0;0;06.10.2017 02:04:00
1210986;0;0;0;0;1;0;0;25;06.10.2017 02:52:00
1204937;2;0;1;2;0;0;0;2;06.10.2017 02:57:00
1210985;0;0;1;0;0;0;0;7;06.10.2017 04:47:00
1210495;0;0;3;0;1;0;0;0;06.10.2017 05:04:00
1204859;0;0;0;0;0;0;0;0;01.10.2017 23:13:00
1204871;0;0;1;0;0;0;0;0;01.10.2017 23:21:00
1204872;0;0;3;0;0;0;0;0;01.10.2017 23:29:00
1204860;0;0;0;0;0;0;0;0;01.10.2017 23:51:00
1204867;0;0;1;1;0;1;0;0;02.10.2017 00:00:00
1204879;0;0;0;0;0;0;0;0;02.10.2017 00:10:00
1204770;0;0;0;0;0;0;0;0;02.10.2017 00:23:00
1204840;0;0;1;0;0;0;0;0;02.10.2017 00:28:00
1204868;0;0;1;0;0;0;0;0;02.10.2017 00:53:00
1204866;0;0;2;0;0;0;0;0;02.10.2017 00:58:00
1204826;0;0;0;0;0;0;0;0;02.10.2017 00:59:00
1204765;0;0;0;0;0;0;0;0;02.10.2017 03:37:00
1204778;0;2;0;0;0;0;0;0;02.10.2017 03:41:00
1204816;0;0;0;0;0;0;0;9;02.10.2017 03:47:00
1204790;0;0;0;0;0;0;0;0;02.10.2017 03:51:00
1204831;0;0;2;0;0;0;0;0;02.10.2017 03:53:00
1204801;0;0;0;0;0;0;0;0;02.10.2017 03:54:00
1204748;0;0;2;2;0;0;0;0;02.10.2017 04:03:00
1210999;0;0;0;0;0;0;0;0;02.10.2017 21:31:00
1210422;3;0;3;1;0;0;0;0;03.10.2017 01:05:00
1210935;0;0;1;3;0;0;0;1;03.10.2017 02:31:00
1207856;0;0;1;0;0;0;0;0;03.10.2017 12:23:00
1207865;0;0;0;0;0;0;0;1;03.10.2017 12:24:00
1207870;5;0;0;0;0;0;0;0;04.10.2017 06:42:00
1207859;0;0;2;0;0;0;0;0;04.10.2017 12:05:00
1211490;0;0;0;2;0;0;0;2;04.10.2017 21:45:00
1211491;0;0;3;1;0;0;0;20;05.10.2017 00:22:00
1211462;0;0;2;0;2;0;0;0;05.10.2017 07:31:00
1206935;0;0;0;0;0;2;0;1;05.10.2017 22:56:00
1210488;0;0;0;0;0;0;0;0;06.10.2017 03:26:00
1210988;0;0;0;0;0;0;0;0;06.10.2017 04:07:00
1210977;0;0;0;0;0;0;0;31;06.10.2017 04:18:00
1206932;0;0;1;0;0;0;0;3;06.10.2017 04:54:00
1210497;0;0;0;0;0;0;0;0;06.10.2017 05:15:00
1210429;0;0;3;0;0;0;0;0;06.10.2017 05:31:00
1210989;1;0;1;0;0;0;0;14;06.10.2017 05:55:00
1210991;0;0;0;0;0;0;0;20;06.10.2017 06:21:00
1210984;0;0;0;0;0;0;0;0;06.10.2017 06:58:00
1204934;0;0;0;0;0;0;0;0;06.10.2017 08:01:00
1204938;0;0;0;0;0;0;0;0;06.10.2017 08:27:00
1210990;0;0;0;0;0;0;0;0;06.10.2017 09:10:00
1212658;0;0;0;0;0;0;0;0;06.10.2017 11:20:00
1212440;0;0;0;0;0;0;0;0;06.10.2017 11:45:00
1212493;0;0;0;0;0;0;0;0;06.10.2017 11:47:00
1212410;0;0;0;0;0;0;0;0;06.10.2017 13:37:00
1212436;0;0;0;0;0;0;0;0;06.10.2017 13:47:00
1212662;0;0;0;0;0;0;0;1;06.10.2017 15:55:00
1212664;0;0;1;0;0;0;0;0;06.10.2017 16:05:00
1212494;0;0;0;0;0;0;0;0;06.10.2017 16:07:00
1212509;0;0;0;0;0;0;0;0;06.10.2017 16:29:00
1212434;0;0;0;0;0;0;0;0;06.10.2017 16:29:00
1212772;0;0;0;0;0;0;1;0;06.10.2017 16:48:00
1212736;0;0;0;0;0;0;0;0;06.10.2017 17:01:00
1212731;0;0;0;0;0;0;0;0;06.10.2017 17:22:00
1212510;0;0;2;0;0;0;0;0;06.10.2017 17:34:00
1212489;0;0;0;0;0;0;0;0;06.10.2017 17:35:00
1212432;0;0;0;0;0;0;0;0;06.10.2017 17:46:00
1212417;0;0;0;0;0;0;0;0;06.10.2017 19:12:00
1212430;0;0;0;0;0;0;0;0;06.10.2017 19:18:00
1212438;0;0;0;0;0;0;0;0;06.10.2017 19:26:00
1212495;0;0;1;2;0;0;0;1;06.10.2017 19:38:00
1212770;0;0;0;0;0;0;0;0;06.10.2017 19:52:00
1212443;0;0;0;0;0;0;0;4;06.10.2017 20:11:00
1212768;0;0;5;0;0;0;0;0;06.10.2017 20:21:00
1212771;0;0;2;0;0;0;0;1;06.10.2017 20:56:00
1212441;0;0;0;0;0;0;0;0;06.10.2017 20:58:00
1212767;0;0;0;0;0;0;0;0;06.10.2017 21:40:00
1212737;0;0;0;0;0;0;0;0;06.10.2017 22:54:00
1208139;0;0;0;0;0;0;0;0;06.10.2017 23:53:00
1212501;0;0;0;0;0;0;0;8;07.10.2017 00:30:00
1212446;0;0;1;0;0;0;0;9;07.10.2017 00:36:00
1212574;0;0;1;0;0;0;0;0;07.10.2017 03:30:00
1212415;0;0;0;0;0;1;0;5;07.10.2017 03:43:00
1212544;0;0;2;0;0;0;0;4;07.10.2017 04:21:00
1212564;0;0;1;0;0;0;0;1;07.10.2017 04:30:00
1212568;0;0;2;0;0;0;0;3;07.10.2017 04:53:00
1211484;0;1;0;0;5;0;1;0;07.10.2017 08:07:00
1211450;0;0;1;0;1;0;0;0;07.10.2017 08:08:00
1211451;0;0;0;0;1;0;0;0;07.10.2017 08:25:00
1212586;0;0;0;0;1;0;0;0;07.10.2017 09:00:00
1212589;0;0;1;1;1;0;1;0;07.10.2017 09:22:00
1212599;0;1;1;0;0;0;0;0;07.10.2017 09:41:00
1212868;0;0;0;0;0;0;0;0;07.10.2017 09:56:00
1212867;0;0;0;0;0;0;0;0;07.10.2017 10:04:00
1211473;0;0;0;0;1;0;0;0;07.10.2017 10:07:00
1211449;0;0;0;0;1;0;0;0;07.10.2017 10:34:00
1211488;0;0;0;0;3;0;1;0;07.10.2017 10:55:00
1211487;0;0;0;0;2;0;0;0;07.10.2017 11:16:00
1211459;0;0;0;0;0;0;0;0;07.10.2017 11:31:00
1210784;0;0;0;0;0;0;0;0;07.10.2017 12:29:00
1211481;0;0;1;0;2;0;1;0;07.10.2017 12:41:00
1210807;0;0;0;0;0;0;0;0;07.10.2017 13:01:00
1210809;0;0;0;0;0;0;0;0;07.10.2017 13:33:00
1210795;0;0;0;0;0;0;0;0;07.10.2017 13:48:00
1210803;0;0;0;0;0;0;0;0;07.10.2017 14:18:00
1210786;0;0;0;0;0;0;0;0;07.10.2017 14:47:00
1210798;0;0;1;0;0;0;0;0;07.10.2017 15:19:00
1208280;0;0;0;0;0;0;0;0;07.10.2017 15:59:00
1210823;0;0;1;0;0;0;0;0;07.10.2017 16:08:00
1207868;0;0;0;0;0;0;0;0;07.10.2017 17:20:00
1206920;0;0;0;0;0;0;0;0;07.10.2017 17:26:00
1207904;0;0;0;0;0;0;0;0;07.10.2017 17:41:00
1206924;0;0;0;0;0;0;0;1;07.10.2017 17:45:00
1211454;0;0;2;0;0;0;0;6;08.10.2017 06:12:00
1207950;0;0;0;0;0;0;0;0;08.10.2017 06:24:00
1210430;1;0;0;1;0;0;0;0;08.10.2017 06:51:00
1208399;0;1;1;0;0;0;0;0;08.10.2017 06:59:00
1204828;0;0;0;1;0;1;0;0;02.10.2017 01:08:00
1204838;0;0;0;0;0;0;0;0;02.10.2017 01:09:00
1204827;0;0;1;0;0;0;0;0;02.10.2017 01:18:00
1204799;0;0;0;0;0;0;0;0;02.10.2017 01:52:00
1204844;0;0;0;0;0;0;0;0;02.10.2017 01:54:00
1204829;0;0;0;0;0;0;0;0;02.10.2017 01:55:00
1204762;0;0;0;0;0;0;0;0;02.10.2017 01:57:00
1204760;0;0;0;0;0;1;0;0;02.10.2017 02:01:00
1204763;0;0;0;0;0;0;0;0;02.10.2017 02:34:00
1204761;0;0;0;0;1;0;0;0;02.10.2017 02:39:00
1204764;0;0;0;0;0;0;0;0;02.10.2017 02:42:00
1204776;0;0;0;0;0;0;0;0;02.10.2017 02:43:00
1204861;0;0;0;0;0;0;0;0;02.10.2017 02:44:00
1204837;0;0;0;0;0;0;0;0;02.10.2017 02:46:00
1204864;0;0;0;0;0;0;0;0;02.10.2017 02:48:00
1204774;0;0;0;0;0;1;0;0;02.10.2017 03:04:00
1204788;0;0;0;0;0;0;0;0;02.10.2017 03:06:00
1204744;0;0;0;1;0;0;0;0;02.10.2017 03:07:00
1204759;0;0;1;4;0;0;0;0;02.10.2017 03:12:00
1204775;0;1;0;0;0;0;0;1;02.10.2017 03:22:00
1204772;0;0;0;0;0;0;0;0;02.10.2017 03:31:00
1204780;0;0;0;0;0;0;0;0;02.10.2017 03:36:00
1204758;0;0;1;0;0;0;0;1;02.10.2017 04:29:00
1204815;0;0;1;0;0;0;0;0;02.10.2017 04:30:00
1204836;0;0;0;0;0;0;0;0;02.10.2017 04:31:00
1204750;0;0;0;2;0;0;0;0;02.10.2017 04:34:00
1204746;0;0;0;1;0;0;0;0;02.10.2017 04:36:00
1204773;0;0;0;0;0;1;0;6;02.10.2017 04:40:00
1204782;0;0;0;0;0;0;0;0;02.10.2017 04:44:00
1204751;0;0;0;5;0;0;0;0;02.10.2017 04:47:00
1204749;0;0;0;6;0;0;0;0;02.10.2017 04:52:00
1204753;1;0;1;3;0;0;0;2;02.10.2017 05:12:00
1204752;0;0;0;6;0;0;0;0;02.10.2017 05:37:00
1204863;0;0;0;0;0;0;0;0;02.10.2017 05:43:00
1204857;0;0;0;0;0;0;0;0;02.10.2017 05:51:00
1204862;0;0;0;0;0;0;0;0;02.10.2017 05:53:00
1204878;0;0;0;0;0;0;0;0;02.10.2017 05:56:00
1207863;0;0;2;0;0;16;0;0;02.10.2017 09:35:00
1204789;0;0;0;0;0;0;0;0;03.10.2017 04:43:00
1205015;0;0;0;0;0;0;0;0;03.10.2017 04:49:00
1210450;0;0;0;0;0;0;0;4;03.10.2017 04:59:00
1208401;0;0;3;0;0;0;0;0;03.10.2017 05:21:00
1208365;0;0;3;0;0;0;0;1;03.10.2017 05:40:00
1210930;0;0;0;6;2;0;0;0;03.10.2017 06:44:00
1210774;0;0;0;0;0;0;0;0;04.10.2017 02:53:00
1208400;0;0;1;0;0;0;0;0;04.10.2017 04:30:00
1210747;0;0;0;0;0;0;0;1;04.10.2017 05:41:00
1207800;0;0;0;0;0;0;0;2;04.10.2017 06:32:00
1207855;0;0;0;0;0;0;0;0;04.10.2017 06:33:00
1211475;0;0;0;3;1;0;0;0;04.10.2017 17:20:00
1211461;0;0;0;1;4;0;0;5;04.10.2017 17:51:00
1211483;0;0;0;5;4;0;0;2;04.10.2017 18:54:00
1211458;0;0;0;0;2;0;0;0;05.10.2017 06:55:00
1211002;0;0;0;0;0;0;1;0;05.10.2017 08:35:00
1212567;0;0;0;0;1;0;0;0;05.10.2017 08:59:00
1212580;0;0;0;1;3;0;1;0;05.10.2017 10:56:00
1211001;0;0;0;0;3;0;2;0;05.10.2017 12:08:00
1210745;0;0;0;0;0;0;0;0;05.10.2017 14:28:00
1210982;0;0;1;0;0;0;0;0;05.10.2017 15:19:00
1210736;0;0;0;0;0;0;0;0;05.10.2017 16:48:00
1210978;0;0;1;0;0;0;0;5;05.10.2017 16:58:00
1210743;0;0;0;0;0;0;0;0;05.10.2017 17:02:00
1210753;0;0;0;0;0;0;0;0;05.10.2017 17:24:00
1210741;0;0;2;0;0;0;0;0;05.10.2017 17:33:00
1206921;0;0;0;0;0;0;0;0;05.10.2017 19:00:00
1210981;0;0;0;0;0;0;0;0;05.10.2017 19:15:00
1210976;0;0;0;0;0;0;0;0;06.10.2017 09:43:00
1204939;0;0;0;0;0;1;0;0;06.10.2017 09:50:00
1204927;0;0;0;0;0;0;0;0;06.10.2017 10:14:00
1212657;0;0;0;0;0;0;0;0;06.10.2017 10:37:00
1212656;0;0;1;0;0;0;0;0;06.10.2017 10:51:00
1212661;0;0;0;0;0;0;0;0;06.10.2017 12:29:00
1212660;0;0;0;0;0;0;0;0;06.10.2017 12:48:00
1212439;0;0;0;0;0;0;0;0;06.10.2017 13:05:00
1212659;0;0;0;0;0;0;0;0;06.10.2017 13:20:00
1212422;0;0;0;0;0;0;0;0;06.10.2017 15:43:00
1212663;0;0;0;0;0;0;0;0;06.10.2017 15:44:00
1212437;0;0;0;0;0;0;0;0;06.10.2017 16:39:00
1212515;0;0;1;0;0;0;0;0;06.10.2017 17:57:00
1212420;0;0;3;0;1;0;0;0;06.10.2017 18:32:00
1212429;0;0;0;0;0;0;0;0;06.10.2017 18:34:00
1212497;0;0;1;0;0;0;0;0;06.10.2017 18:44:00
1212490;0;0;0;0;0;0;0;0;06.10.2017 18:46:00
1212427;0;0;0;0;0;0;0;0;06.10.2017 21:27:00
1208136;0;0;0;0;0;0;0;0;06.10.2017 23:09:00
1208138;0;0;1;0;0;0;0;0;06.10.2017 23:15:00
1208137;0;0;1;0;0;0;0;0;06.10.2017 23:31:00
1212739;0;0;0;0;0;0;0;3;07.10.2017 00:57:00
1212502;0;0;0;0;0;0;0;4;07.10.2017 01:12:00
1212735;0;0;0;0;0;0;0;3;07.10.2017 01:23:00
1212475;0;0;2;0;0;0;0;4;07.10.2017 01:27:00
1212512;0;0;1;0;0;0;0;3;07.10.2017 01:41:00
1212563;0;0;0;0;0;0;0;6;07.10.2017 01:52:00
1212481;0;0;0;0;0;0;0;10;07.10.2017 02:00:00
1212738;0;0;0;0;0;0;0;0;07.10.2017 02:04:00
1212545;0;0;2;0;0;0;0;6;07.10.2017 02:42:00
1212566;0;0;2;1;0;0;0;0;07.10.2017 02:55:00
1212774;0;0;0;2;0;0;0;2;07.10.2017 03:00:00
1208366;0;0;4;0;0;0;0;0;07.10.2017 03:19:00
1210507;0;0;2;0;0;0;0;0;07.10.2017 05:18:00
1212413;0;0;1;0;0;0;0;3;07.10.2017 05:43:00
1210802;0;0;0;0;0;0;0;0;07.10.2017 13:17:00
1210781;0;0;0;0;0;0;0;0;07.10.2017 14:31:00
1211477;1;0;0;9;0;0;0;2;08.10.2017 08:03:00
1211486;0;0;0;2;1;0;0;8;08.10.2017 09:57:00
1212756;0;0;0;0;0;0;0;2;08.10.2017 10:22:00
1211470;0;0;0;0;2;0;0;0;02.10.2017 14:08:00
1207847;0;0;0;0;0;0;0;0;04.10.2017 07:01:00
1207795;0;0;1;0;0;0;0;0;04.10.2017 07:07:00
1207862;0;0;1;1;0;0;0;0;04.10.2017 07:08:00
1207822;0;0;0;0;0;0;0;0;04.10.2017 07:13:00
1210749;0;0;0;0;0;0;0;0;04.10.2017 08:27:00
1211464;0;0;2;0;0;0;0;1;04.10.2017 14:22:00
1211476;0;0;0;0;3;0;0;0;05.10.2017 12:34:00
1211460;0;0;0;0;1;0;0;0;05.10.2017 12:52:00
1210805;0;0;0;0;0;0;0;0;07.10.2017 15:02:00
1207861;0;0;0;1;0;0;0;0;07.10.2017 17:02:00
1207858;0;0;0;0;0;0;0;1;07.10.2017 17:06:00
1212758;0;0;3;1;0;0;0;1;08.10.2017 10:29:00
1212753;0;0;0;0;0;0;0;1;08.10.2017 10:47:00
1212751;0;0;0;0;0;0;0;2;08.10.2017 10:54:00
1212759;0;0;0;0;0;0;0;2;08.10.2017 11:00:00
1210479;0;0;0;0;0;0;0;0;08.10.2017 11:21:00
1212760;0;0;2;4;0;0;0;9;08.10.2017 11:34:00
1212752;0;0;0;0;0;0;0;1;08.10.2017 12:16:00
1212745;0;0;0;0;0;0;0;7;08.10.2017 13:09:00
1212747;0;0;0;0;0;0;0;0;08.10.2017 13:15:00
1212749;0;0;1;0;0;0;0;0;08.10.2017 13:43:00
1212748;0;0;0;0;0;0;0;1;08.10.2017 13:50:00
1212433;0;0;0;0;0;0;0;2;08.10.2017 14:15:00
1212418;0;0;1;2;0;0;0;4;08.10.2017 14:29:00
1211493;0;0;0;0;0;0;0;0;08.10.2017 23:45:00
1212546;0;0;0;0;0;0;0;0;09.10.2017 01:10:00
1212571;0;0;0;0;0;0;0;0;09.10.2017 01:28:00
1212584;0;0;0;0;0;0;0;0;09.10.2017 01:38:00
1212650;0;0;1;0;0;0;0;0;09.10.2017 02:16:00
1212653;0;0;1;0;0;0;0;0;09.10.2017 02:22:00
1212647;0;0;1;0;0;0;0;0;09.10.2017 02:34:00
1212540;0;0;2;1;0;0;0;0;09.10.2017 02:49:00
1212582;0;0;2;0;0;0;0;0;09.10.2017 02:52:00
1212648;0;0;0;0;0;0;0;0;09.10.2017 03:07:00
1212442;0;0;0;0;0;0;1;0;09.10.2017 03:10:00
1212583;0;0;1;1;0;0;0;0;09.10.2017 03:19:00
1210462;0;0;1;0;0;0;0;0;09.10.2017 03:42:00
1213415;0;0;0;0;0;0;0;0;09.10.2017 04:04:00
1213412;0;0;0;0;0;0;0;0;09.10.2017 04:30:00
1212479;0;0;0;0;0;0;0;0;09.10.2017 05:05:00
1212575;0;0;0;0;0;0;0;0;09.10.2017 05:14:00
1212476;0;0;0;0;0;0;0;0;09.10.2017 05:17:00
1213413;0;0;0;0;0;0;0;0;09.10.2017 05:25:00
1212872;0;0;1;0;0;0;0;0;09.10.2017 05:28:00
1213409;0;0;0;0;0;0;0;0;09.10.2017 05:36:00
1212742;0;0;1;1;0;0;0;0;09.10.2017 05:42:00
1212869;0;0;0;0;0;0;0;0;09.10.2017 05:58:00
1212871;0;0;2;0;0;0;0;0;09.10.2017 07:56:00
1212928;0;0;1;0;0;0;0;0;09.10.2017 08:38:00
1212541;0;0;0;0;0;0;0;0;09.10.2017 08:58:00
1212780;0;0;2;0;0;0;0;0;09.10.2017 09:51:00
1212635;0;0;0;0;0;0;0;0;09.10.2017 10:19:00
1212445;0;0;0;0;0;0;0;0;09.10.2017 10:41:00
1212444;0;0;3;0;0;0;0;0;09.10.2017 11:09:00
1212782;0;0;0;0;0;0;0;0;09.10.2017 11:16:00
1212783;0;0;1;0;0;0;0;1;09.10.2017 11:31:00
1212492;0;0;0;0;0;0;0;0;09.10.2017 11:55:00
1212543;0;0;0;0;0;0;0;0;09.10.2017 12:23:00
1212553;0;0;1;0;0;0;0;0;09.10.2017 12:35:00
1212585;0;0;1;0;0;0;0;0;09.10.2017 12:43:00
1212596;0;0;2;0;0;0;0;1;09.10.2017 12:53:00
1212513;0;0;0;0;0;0;0;0;09.10.2017 13:16:00
1212425;0;0;6;0;0;0;0;0;09.10.2017 14:27:00
1212785;0;0;3;2;0;0;0;2;09.10.2017 16:28:00
1212784;0;0;0;0;0;0;0;0;09.10.2017 16:43:00
1212506;0;0;1;0;0;0;0;1;09.10.2017 16:47:00
1212597;0;0;1;1;0;0;0;1;09.10.2017 17:21:00
1212588;0;0;0;0;0;0;0;4;09.10.2017 17:51:00
1212504;0;0;2;0;0;0;0;1;09.10.2017 20:14:00
1212550;0;0;0;5;0;0;0;1;09.10.2017 20:53:00
1212655;0;0;0;0;0;0;0;0;09.10.2017 21:41:00
1212666;0;0;0;1;0;0;0;0;09.10.2017 22:11:00
1212579;0;0;1;1;0;0;0;0;09.10.2017 22:21:00
1212652;0;0;0;0;0;0;0;0;09.10.2017 22:36:00
1212672;0;0;0;0;0;0;0;0;09.10.2017 22:38:00
1212536;0;0;0;0;0;0;0;0;09.10.2017 22:48:00
1212649;0;0;0;0;0;0;0;0;09.10.2017 22:51:00
1212665;0;0;0;0;0;0;0;0;09.10.2017 23:04:00
1212537;0;0;0;0;1;0;0;0;09.10.2017 23:09:00
1212671;0;0;0;0;0;0;0;0;09.10.2017 23:24:00
1212595;0;0;0;0;0;0;0;0;09.10.2017 23:38:00
1212668;0;0;0;0;0;0;0;0;09.10.2017 23:48:00
1212523;0;0;0;0;0;0;0;0;10.10.2017 01:30:00
1212592;0;0;0;0;0;0;0;0;10.10.2017 01:32:00
1212538;0;0;0;0;0;0;0;0;10.10.2017 01:45:00
1212547;0;0;0;0;0;0;0;0;10.10.2017 01:54:00
1212516;0;0;0;0;0;0;0;0;10.10.2017 02:00:00
1212531;0;0;0;0;0;0;0;0;10.10.2017 02:49:00
1212594;0;0;0;1;0;0;0;0;10.10.2017 02:50:00
1212514;0;0;0;0;0;0;0;0;10.10.2017 02:58:00
1212549;0;0;0;0;0;0;0;1;10.10.2017 03:05:00
1212569;0;0;0;0;0;0;0;0;10.10.2017 03:53:00
1212733;0;0;1;1;0;0;0;0;10.10.2017 04:01:00
1212474;0;0;1;0;0;0;0;0;10.10.2017 04:07:00
1212477;0;0;0;0;0;0;0;0;10.10.2017 04:10:00
1212539;0;0;0;0;0;0;0;0;10.10.2017 04:18:00
1212778;0;0;0;0;0;0;0;0;10.10.2017 04:24:00
1212548;0;0;2;0;0;0;0;0;10.10.2017 04:41:00
1212447;0;0;1;1;0;0;0;0;10.10.2017 04:44:00
1212732;0;0;0;0;0;0;0;0;10.10.2017 04:51:00
1212480;0;0;0;0;0;0;0;0;10.10.2017 05:04:00
1212570;0;0;0;1;0;0;0;0;10.10.2017 05:13:00
1212593;0;0;0;0;0;0;0;0;10.10.2017 05:16:00
1212542;0;0;0;0;0;0;0;0;10.10.2017 05:18:00
1212500;0;0;0;0;0;1;0;0;10.10.2017 05:27:00
1212743;0;0;0;0;0;0;0;0;10.10.2017 05:38:00
1207780;0;1;2;1;0;0;0;0;04.10.2017 07:18:00
1207850;0;0;0;0;0;0;0;9;04.10.2017 07:28:00
1207864;0;0;0;0;0;0;0;0;04.10.2017 07:30:00
1210744;0;0;0;0;0;1;0;0;04.10.2017 10:39:00
1211489;0;0;0;0;5;0;0;3;04.10.2017 13:39:00
1210739;0;0;0;0;0;1;0;0;05.10.2017 15:11:00
1206934;0;0;0;0;0;0;0;0;05.10.2017 20:57:00
1204932;0;0;0;0;0;0;0;0;06.10.2017 07:30:00
1210987;0;0;0;0;0;0;0;0;06.10.2017 08:58:00
1212491;0;0;0;0;0;0;0;0;06.10.2017 12:01:00
1212598;0;0;0;0;1;0;0;0;07.10.2017 09:29:00
1212750;0;0;1;0;0;0;0;2;08.10.2017 13:33:00
1212591;0;0;1;0;0;0;0;0;10.10.2017 05:45:00
1212478;0;0;0;0;0;0;0;0;10.10.2017 05:54:00
1208275;2;0;0;0;0;0;0;0;10.10.2017 08:14:00
1213454;0;0;0;0;0;0;0;1;10.10.2017 11:06:00
1213453;0;0;0;0;0;0;0;4;10.10.2017 15:05:00
1213425;0;0;1;5;1;1;0;1;10.10.2017 18:46:00
1213473;0;0;0;0;0;0;0;1;10.10.2017 19:12:00
1213426;0;0;0;1;0;0;0;2;10.10.2017 19:39:00
1213456;0;16;0;0;0;0;0;1;10.10.2017 21:05:00
1213522;0;0;0;2;0;0;0;0;11.10.2017 02:11:00
1213505;0;0;0;0;0;0;0;0;11.10.2017 02:43:00
1213506;0;0;0;0;0;0;0;0;11.10.2017 03:22:00
1213521;0;0;0;0;0;0;0;0;11.10.2017 05:07:00
1213455;0;0;0;1;0;0;0;0;11.10.2017 07:26:00
1213501;0;0;1;0;0;0;0;0;11.10.2017 08:03:00
1213422;0;0;0;0;0;0;0;0;11.10.2017 08:37:00
1212706;0;0;1;0;0;0;0;1;11.10.2017 09:34:00
1213482;0;0;0;0;0;0;0;0;11.10.2017 11:52:00
1212705;0;0;0;0;3;0;0;0;11.10.2017 13:44:00
1212704;0;0;1;0;3;0;0;0;11.10.2017 14:29:00
1212692;0;0;0;0;3;0;0;0;11.10.2017 17:58:00
1213561;0;0;0;0;0;0;0;0;11.10.2017 20:36:00
1213562;0;0;0;0;0;0;0;1;11.10.2017 20:39:00
1212605;0;0;3;0;3;0;0;0;12.10.2017 01:06:00
1212608;0;0;0;0;1;0;1;0;12.10.2017 01:17:00
1213477;0;0;0;0;1;0;1;0;12.10.2017 01:27:00
1212607;0;0;0;0;0;0;0;0;12.10.2017 01:42:00
1213479;0;0;1;0;1;0;0;0;12.10.2017 02:03:00
1213596;0;0;0;0;0;0;0;0;12.10.2017 02:43:00
1213601;0;0;0;0;0;0;0;0;12.10.2017 02:46:00
1213537;0;0;0;0;0;0;0;0;12.10.2017 03:05:00
1213524;0;1;0;0;0;0;0;0;12.10.2017 03:28:00
1213605;0;0;0;1;0;0;0;0;12.10.2017 03:53:00
1213604;0;0;0;0;0;0;0;0;12.10.2017 03:54:00
1213599;0;0;0;0;0;0;0;0;12.10.2017 04:03:00
1213597;0;0;0;0;0;0;0;0;12.10.2017 04:05:00
1213579;0;0;0;0;0;1;0;0;12.10.2017 04:31:00
1213538;0;0;0;0;0;1;0;0;12.10.2017 05:49:00
1213542;0;0;0;0;0;0;0;0;12.10.2017 06:32:00
1213536;0;0;2;2;0;0;0;0;12.10.2017 07:19:00
1213539;0;0;0;1;0;0;0;0;12.10.2017 07:29:00
1213530;0;0;1;0;0;0;0;1;12.10.2017 07:59:00
1213540;0;0;3;0;0;0;0;2;12.10.2017 08:38:00
1213543;0;0;0;0;0;0;0;0;12.10.2017 08:46:00
1210812;0;0;0;0;0;0;0;0;12.10.2017 09:46:00
1210765;0;0;0;0;0;0;0;0;12.10.2017 09:49:00
1210790;7;0;0;1;0;0;0;0;12.10.2017 10:02:00
1210793;0;0;0;0;0;0;1;0;12.10.2017 10:08:00
1213555;0;0;2;0;0;0;0;0;12.10.2017 14:24:00
1213551;0;0;0;0;0;0;0;1;12.10.2017 17:18:00
1213549;0;0;1;0;0;0;0;1;12.10.2017 17:44:00
1213557;0;0;1;2;0;0;0;1;12.10.2017 18:29:00
1213558;0;0;1;0;0;0;0;0;12.10.2017 18:57:00
1213548;0;0;0;2;0;0;0;5;12.10.2017 19:25:00
1213547;0;0;0;1;1;0;0;1;12.10.2017 22:58:00
1213552;0;0;0;0;0;0;0;0;12.10.2017 23:12:00
1213559;0;0;0;0;0;0;0;0;12.10.2017 23:22:00
1212724;0;0;0;0;0;0;0;0;13.10.2017 02:17:00
1212674;0;0;0;0;1;0;1;0;13.10.2017 02:31:00
1212673;0;0;0;0;0;0;3;0;13.10.2017 02:51:00
1213553;0;0;0;0;0;0;0;0;13.10.2017 03:04:00
1213626;0;0;0;0;0;0;0;0;13.10.2017 03:15:00
1213623;0;0;0;0;0;0;0;0;13.10.2017 03:57:00
1213625;0;0;0;0;0;0;0;0;13.10.2017 05:13:00
1213489;0;1;0;2;1;0;0;0;13.10.2017 09:04:00
1212703;0;0;0;0;0;0;1;0;13.10.2017 09:39:00
1212690;0;0;0;0;2;0;0;0;13.10.2017 10:18:00
1213487;0;0;2;0;0;2;0;1;13.10.2017 11:04:00
1213631;0;0;0;0;0;0;0;0;13.10.2017 11:33:00
1213627;0;0;0;0;0;0;0;0;13.10.2017 13:20:00
1213638;0;0;3;0;0;0;0;1;13.10.2017 16:33:00
1213646;0;0;4;1;0;0;0;3;13.10.2017 17:38:00
1213644;0;0;0;0;0;0;0;3;13.10.2017 20:24:00
1213647;0;0;0;0;1;0;0;0;13.10.2017 20:43:00
1213648;0;0;0;0;2;0;0;0;13.10.2017 21:19:00
1212777;0;0;0;0;0;0;0;0;13.10.2017 22:25:00
1212572;0;0;0;0;0;0;0;0;13.10.2017 22:47:00
1212535;0;0;0;0;0;0;0;0;13.10.2017 22:58:00
1212499;0;0;0;0;0;0;0;0;13.10.2017 23:00:00
1212603;0;0;0;0;0;0;0;0;13.10.2017 23:13:00
1212625;0;0;0;0;1;0;0;0;13.10.2017 23:35:00
1212630;0;0;1;0;1;0;0;0;13.10.2017 23:51:00
1212677;0;0;0;1;2;0;1;0;14.10.2017 00:16:00
1212676;0;0;0;0;1;0;1;0;14.10.2017 02:49:00
1212678;0;0;0;0;2;0;0;0;14.10.2017 02:58:00
1212602;0;0;1;0;1;0;0;0;14.10.2017 03:06:00
1212680;0;0;0;0;3;0;0;0;14.10.2017 03:16:00
1212624;0;0;0;0;1;0;4;0;14.10.2017 05:23:00
1213710;0;0;0;1;0;0;0;0;14.10.2017 06:34:00
1213709;0;0;0;0;0;0;0;0;14.10.2017 06:45:00
1213810;0;0;0;0;0;0;0;0;14.10.2017 07:02:00
1211496;0;0;1;0;1;0;0;1;14.10.2017 07:18:00
1213718;0;0;0;0;1;0;0;1;14.10.2017 07:27:00
1210768;0;0;0;0;0;0;0;0;14.10.2017 07:48:00
1210884;0;0;0;0;0;2;0;3;14.10.2017 07:54:00
1211005;0;0;0;0;1;0;0;0;05.10.2017 11:26:00
1212551;0;0;1;0;0;0;0;4;09.10.2017 17:40:00
1213798;0;0;0;0;0;0;0;0;14.10.2017 08:14:00
1211482;0;0;0;0;0;0;2;0;14.10.2017 08:29:00
1213802;0;0;0;0;0;0;0;0;14.10.2017 08:36:00
1213720;0;0;2;0;0;0;0;4;14.10.2017 08:45:00
1211485;0;0;0;0;0;0;0;0;14.10.2017 09:34:00
1213717;0;0;0;0;0;0;0;0;14.10.2017 09:47:00
1213713;0;0;0;0;0;0;0;0;14.10.2017 10:11:00
1213581;0;0;0;0;0;0;0;32;14.10.2017 12:32:00
1213593;0;0;3;2;0;0;1;0;14.10.2017 12:39:00
1213665;0;0;3;0;0;0;0;0;14.10.2017 14:34:00
1213733;2;0;0;0;2;0;0;2;14.10.2017 15:42:00
1213730;5;0;1;0;0;0;0;1;14.10.2017 16:16:00
1213731;0;0;1;0;0;0;0;3;14.10.2017 16:21:00
1213686;0;0;0;1;0;0;0;1;14.10.2017 20:03:00
1213688;0;0;1;0;0;0;0;21;14.10.2017 20:38:00
1212710;0;0;0;0;0;0;0;0;15.10.2017 11:32:00
1213816;0;0;0;0;0;0;0;1;15.10.2017 11:55:00
1213712;0;0;0;0;0;0;0;0;15.10.2017 13:31:00
1213846;0;0;1;0;0;0;0;0;15.10.2017 22:46:00
1213821;0;0;1;0;1;1;0;1;16.10.2017 00:14:00
1213715;0;0;1;0;0;0;0;0;16.10.2017 00:39:00
1213800;0;0;0;0;0;0;0;0;16.10.2017 00:52:00
1213814;0;0;0;1;1;0;0;0;16.10.2017 02:48:00
1213813;0;0;2;1;0;0;0;1;16.10.2017 03:28:00
1213716;0;0;4;3;0;0;0;0;16.10.2017 03:53:00
1213806;0;0;0;0;0;0;0;0;16.10.2017 06:30:00
1213805;0;0;0;0;0;0;0;1;16.10.2017 06:33:00
1213809;0;0;0;0;0;0;0;0;16.10.2017 06:37:00
1213808;0;0;2;1;0;0;0;4;16.10.2017 06:41:00
1213797;0;0;0;3;0;0;0;0;16.10.2017 06:46:00
1213811;0;0;3;0;0;0;0;1;16.10.2017 06:51:00
1213714;0;0;1;1;1;0;0;0;16.10.2017 06:56:00
1213807;0;0;0;2;0;0;0;7;16.10.2017 07:03:00
1213804;0;0;1;0;0;0;0;0;16.10.2017 07:15:00
1210579;0;0;1;0;0;0;0;0;16.10.2017 09:00:00
1210825;0;0;0;0;3;0;0;5;16.10.2017 10:16:00
1210826;0;0;0;0;3;0;0;0;16.10.2017 10:23:00
1210831;0;0;0;0;1;1;0;0;16.10.2017 10:39:00
1210824;0;0;0;0;2;0;0;0;16.10.2017 10:48:00
1210829;0;0;0;4;0;0;0;2;16.10.2017 10:54:00
1210832;0;0;0;0;1;0;0;0;16.10.2017 11:35:00
1210837;1;0;0;0;0;0;0;2;16.10.2017 11:38:00
1210828;0;0;0;0;5;0;0;0;16.10.2017 11:45:00
1210827;0;0;0;0;0;0;0;9;16.10.2017 11:55:00
1210845;0;0;0;0;0;0;0;12;16.10.2017 12:08:00
1212709;0;0;0;0;0;0;0;4;16.10.2017 13:12:00
1213642;0;0;1;0;0;0;0;1;16.10.2017 14:38:00
1212900;0;0;0;0;0;0;0;0;16.10.2017 14:56:00
1212835;0;0;1;0;0;0;1;0;16.10.2017 15:01:00
1212905;0;0;0;0;0;0;0;0;16.10.2017 15:08:00
1213639;0;16;0;0;0;0;0;0;16.10.2017 15:40:00
1212911;0;0;2;0;1;0;0;0;16.10.2017 16:01:00
1212906;0;0;4;1;3;0;0;0;16.10.2017 16:07:00
1212907;0;0;0;0;0;0;0;0;16.10.2017 16:09:00
1212920;0;0;0;0;0;0;0;0;16.10.2017 16:11:00
1212910;0;0;1;0;1;0;0;0;16.10.2017 16:17:00
1212845;0;0;0;0;1;0;0;0;16.10.2017 18:24:00
1212861;0;0;0;0;0;0;0;0;16.10.2017 18:26:00
1212836;0;0;0;2;2;0;0;0;16.10.2017 18:29:00
1212740;0;0;1;0;0;0;0;0;16.10.2017 18:34:00
1212902;0;0;0;0;0;0;0;0;16.10.2017 20:24:00
1212909;0;0;0;0;0;0;0;0;16.10.2017 20:26:00
1212879;0;0;0;0;0;0;0;0;16.10.2017 20:28:00
1212919;0;0;0;1;4;0;0;0;16.10.2017 20:31:00
1212837;0;0;0;0;4;0;0;0;16.10.2017 21:20:00
1212883;0;0;0;1;0;0;0;2;16.10.2017 21:24:00
1212891;0;0;0;0;2;0;0;0;16.10.2017 21:27:00
1212913;0;0;0;0;0;0;0;0;16.10.2017 21:29:00
1212916;0;0;0;0;0;0;0;0;16.10.2017 22:57:00
1212893;0;0;0;1;0;0;0;0;16.10.2017 23:14:00
1212881;0;0;0;0;0;0;0;0;16.10.2017 23:17:00
1212882;0;0;0;0;0;0;0;0;16.10.2017 23:49:00
1212923;0;0;1;0;0;0;0;1;16.10.2017 23:53:00
1212834;0;0;0;0;0;0;0;0;17.10.2017 01:16:00
1212908;0;0;2;0;1;0;0;0;17.10.2017 01:28:00
1212921;0;0;1;0;0;0;0;0;17.10.2017 01:30:00
1212843;0;0;0;0;0;0;0;0;17.10.2017 01:47:00
1212925;0;0;0;0;0;0;0;0;17.10.2017 01:47:00
1212890;0;0;0;0;0;0;0;0;17.10.2017 01:50:00
1212888;0;0;0;0;0;0;0;0;17.10.2017 01:51:00
1212915;0;0;0;0;0;0;0;0;17.10.2017 02:01:00
1212876;0;0;2;0;0;0;0;2;17.10.2017 03:15:00
1212839;0;0;1;0;0;0;0;0;17.10.2017 03:18:00
1212849;0;0;0;0;0;0;0;0;17.10.2017 03:21:00
1212917;0;0;0;0;2;0;0;0;17.10.2017 03:26:00
1212886;0;0;1;1;0;0;0;0;17.10.2017 03:35:00
1212853;0;0;0;0;0;0;0;0;17.10.2017 03:38:00
1212922;0;0;0;0;0;0;0;0;17.10.2017 03:40:00
1212887;0;0;0;0;2;0;0;0;17.10.2017 03:50:00
1212926;0;0;0;1;1;0;0;0;17.10.2017 04:11:00
1212880;0;0;3;0;0;0;0;1;17.10.2017 04:14:00
1212884;0;0;0;0;1;0;0;0;17.10.2017 04:18:00
1212829;0;0;0;0;0;1;0;2;17.10.2017 04:20:00
1212889;0;0;0;0;0;0;0;0;17.10.2017 04:56:00
1212914;0;0;0;0;0;0;0;1;17.10.2017 04:58:00
1212904;0;0;2;0;0;0;0;0;17.10.2017 04:59:00
1212927;0;0;0;0;0;0;0;0;17.10.2017 05:00:00
1214503;0;0;1;0;0;0;0;0;17.10.2017 06:20:00
1214505;0;0;0;0;0;0;0;0;17.10.2017 06:25:00
1214510;0;0;0;0;0;0;0;0;17.10.2017 06:28:00
1214507;0;0;0;0;0;0;0;0;17.10.2017 06:30:00
1214508;0;0;0;0;0;0;0;0;17.10.2017 06:35:00
1214504;0;0;0;0;0;0;0;0;17.10.2017 06:37:00
1214502;0;0;0;0;0;0;0;0;17.10.2017 06:55:00
1214509;0;0;0;0;0;0;0;0;17.10.2017 06:59:00
1208398;0;0;0;0;0;0;0;0;08.10.2017 07:05:00
1208397;0;0;1;0;0;0;0;0;08.10.2017 07:11:00
1210426;0;0;0;1;0;0;0;0;08.10.2017 07:20:00
1210424;0;0;0;0;0;1;0;0;08.10.2017 07:26:00
1210428;0;0;1;0;0;1;0;0;08.10.2017 07:34:00
1212757;0;0;0;0;0;0;0;1;08.10.2017 08:40:00
1212765;0;0;0;0;0;0;0;0;08.10.2017 08:49:00
1212754;0;0;1;0;0;4;0;0;08.10.2017 08:55:00
1212763;0;0;3;2;0;0;0;3;08.10.2017 09:23:00
1212764;0;0;0;2;0;0;0;0;08.10.2017 09:32:00
1212762;0;0;3;1;0;0;0;0;08.10.2017 09:40:00
1210476;0;0;2;1;0;0;0;0;08.10.2017 11:16:00
1211492;0;0;0;0;0;1;0;0;08.10.2017 23:14:00
1211452;0;0;0;0;1;0;0;0;08.10.2017 23:28:00
1211453;0;0;1;0;3;0;0;0;09.10.2017 00:30:00
1212565;0;0;0;0;0;0;0;0;09.10.2017 00:53:00
1212654;0;0;0;1;1;0;0;0;09.10.2017 01:00:00
1212651;0;0;0;0;0;0;0;0;09.10.2017 02:01:00
1213411;0;0;0;0;0;0;0;0;09.10.2017 06:54:00
1212870;0;0;0;0;0;0;0;0;09.10.2017 06:54:00
1213410;0;0;1;0;0;0;0;0;09.10.2017 07:25:00
1212636;0;0;0;0;0;0;0;0;09.10.2017 20:36:00
1212534;0;0;0;0;0;0;0;0;09.10.2017 20:44:00
1213424;0;0;0;0;0;0;0;0;10.10.2017 10:03:00
1213466;0;0;2;0;0;0;0;1;10.10.2017 11:55:00
1213464;0;0;0;0;0;0;0;0;10.10.2017 11:57:00
1213416;0;0;1;0;0;0;0;0;10.10.2017 16:45:00
1213451;0;0;2;0;0;0;0;7;10.10.2017 17:23:00
1213509;0;0;0;0;0;0;0;0;10.10.2017 22:53:00
1213472;0;0;1;3;0;0;0;21;10.10.2017 23:59:00
1213500;0;0;0;0;0;0;0;0;11.10.2017 00:37:00
1213519;0;0;0;0;0;0;0;0;11.10.2017 00:58:00
1213504;0;0;0;1;0;0;0;0;11.10.2017 01:50:00
1208376;0;0;3;0;0;0;0;0;11.10.2017 10:03:00
1213486;0;0;4;2;1;0;0;2;11.10.2017 11:32:00
1213476;0;0;1;0;1;0;0;3;11.10.2017 12:43:00
1213478;0;0;1;0;2;0;0;0;11.10.2017 23:46:00
1213480;0;0;0;0;2;1;0;0;12.10.2017 00:05:00
1213488;0;0;0;0;0;0;0;0;12.10.2017 00:20:00
1213465;0;0;0;0;0;0;0;0;12.10.2017 00:54:00
1210788;0;1;2;0;0;0;0;0;12.10.2017 11:39:00
1213658;0;0;1;0;0;0;0;0;12.10.2017 11:40:00
1213544;0;0;0;0;0;0;0;0;12.10.2017 20:17:00
1213550;0;0;0;0;0;0;0;0;12.10.2017 21:56:00
1213556;0;0;0;0;0;0;0;0;13.10.2017 01:08:00
1212722;0;0;3;0;0;0;0;0;13.10.2017 01:37:00
1212726;0;0;0;0;1;0;0;0;13.10.2017 01:57:00
1212675;0;0;0;0;2;0;0;0;13.10.2017 02:08:00
1213624;0;0;0;0;0;0;0;0;13.10.2017 05:33:00
1213622;0;0;0;0;0;0;0;1;13.10.2017 12:02:00
1213628;0;1;0;0;0;0;0;0;13.10.2017 13:51:00
1213678;0;0;0;0;0;0;0;2;13.10.2017 14:45:00
1213671;0;0;0;0;0;0;0;1;13.10.2017 18:26:00
1213582;0;0;0;0;0;0;0;0;14.10.2017 13:41:00
1213588;0;0;0;0;0;0;0;0;14.10.2017 13:43:00
1213736;0;1;0;0;2;0;0;0;15.10.2017 06:36:00
1213685;0;0;0;0;0;0;0;0;15.10.2017 06:58:00
1213663;0;0;0;0;0;0;0;0;15.10.2017 07:19:00
1213740;0;0;1;1;4;0;0;0;15.10.2017 07:25:00
1213687;0;0;0;0;0;0;1;0;15.10.2017 07:55:00
1213732;0;0;2;1;0;0;0;0;15.10.2017 08:10:00
1213817;0;0;0;0;0;0;0;0;15.10.2017 08:27:00
1213668;0;0;1;0;1;0;0;0;15.10.2017 08:49:00
1213649;0;0;0;1;0;0;0;0;15.10.2017 11:14:00
1213803;0;0;1;0;0;0;0;0;16.10.2017 06:23:00
1210830;0;0;0;0;0;0;0;0;16.10.2017 09:47:00
1212626;0;0;0;2;0;0;0;8;16.10.2017 12:17:00
1210814;0;0;0;0;0;0;0;0;16.10.2017 12:41:00
1210836;0;0;0;0;0;0;0;0;16.10.2017 12:47:00
1210822;0;0;0;0;1;0;0;1;16.10.2017 13:43:00
1212912;0;0;1;0;4;0;0;0;17.10.2017 04:50:00
1212875;0;0;0;0;3;0;0;0;17.10.2017 09:08:00
1212896;0;0;0;0;0;0;0;0;17.10.2017 10:57:00
1212924;0;0;0;3;0;0;0;0;17.10.2017 11:12:00
1212885;0;0;0;0;1;0;0;0;17.10.2017 11:16:00
1212877;0;0;0;1;0;0;0;5;17.10.2017 11:19:00
1214412;0;0;2;1;0;0;0;0;17.10.2017 16:39:00
1214419;0;0;0;1;0;0;0;0;17.10.2017 16:59:00
1214416;0;0;1;0;0;1;0;0;17.10.2017 17:22:00
1214495;0;0;0;0;0;0;0;0;17.10.2017 17:38:00
1214496;0;0;0;0;0;0;0;0;17.10.2017 17:49:00
1213847;0;0;0;0;0;0;0;0;17.10.2017 18:00:00
1214489;0;0;1;0;0;0;0;1;17.10.2017 19:24:00
1214500;0;0;0;0;0;0;0;0;17.10.2017 20:44:00
1214499;0;0;0;0;0;0;0;1;17.10.2017 21:38:00
1214409;0;0;0;0;0;0;0;0;17.10.2017 22:18:00
1214493;0;0;0;0;0;0;0;0;17.10.2017 22:34:00
1214417;0;0;2;0;0;0;0;0;17.10.2017 22:47:00
1214414;0;0;1;0;0;0;0;0;17.10.2017 22:57:00
1214413;0;0;0;0;0;0;0;0;17.10.2017 23:23:00
1214415;0;0;0;0;0;0;0;0;17.10.2017 23:26:00
1214433;0;0;0;0;0;0;0;0;18.10.2017 00:37:00
1213570;0;0;0;0;0;0;0;0;18.10.2017 00:45:00
1213567;0;0;0;0;0;0;0;0;18.10.2017 01:08:00
1213568;0;0;0;0;0;0;0;0;18.10.2017 01:13:00
1214427;0;0;0;0;0;0;0;0;18.10.2017 05:32:00
1214601;0;0;0;1;0;0;0;0;18.10.2017 05:44:00
1214431;0;0;2;0;0;0;0;13;18.10.2017 05:52:00
1214584;0;0;0;0;0;0;0;4;18.10.2017 08:41:00
1214586;0;0;1;0;0;0;0;3;18.10.2017 08:57:00
1214570;0;0;0;1;0;0;0;0;18.10.2017 12:23:00
1214579;1;0;0;0;0;0;0;1;18.10.2017 12:28:00
1214617;0;0;1;0;0;0;0;0;18.10.2017 12:45:00
1214575;0;0;1;0;0;0;0;1;18.10.2017 12:50:00
1214643;0;0;0;0;0;0;0;0;18.10.2017 15:01:00
1214642;0;0;0;0;0;0;0;0;18.10.2017 15:04:00
1214423;0;0;0;0;0;0;0;0;18.10.2017 16:59:00
1215919;0;0;0;0;0;0;0;0;28.10.2017 09:06:00
1215886;0;0;0;0;0;0;0;5;28.10.2017 09:14:00
1215925;0;0;3;1;0;0;0;0;28.10.2017 15:07:00
1216009;0;0;0;0;0;0;0;11;28.10.2017 15:11:00
1215958;0;0;0;0;0;0;0;0;28.10.2017 15:14:00
1206801;0;2;0;0;0;0;0;0;30.10.2017 01:31:00
1216100;0;0;0;0;0;0;0;0;30.10.2017 01:35:00
1206815;0;0;0;0;0;0;0;0;30.10.2017 01:52:00
1215744;0;0;0;2;1;0;7;0;30.10.2017 02:23:00
1206821;0;0;0;1;0;0;0;0;30.10.2017 02:28:00
1206814;0;0;0;0;0;0;0;0;30.10.2017 02:32:00
1206784;0;0;0;0;0;0;0;0;30.10.2017 03:30:00
1206794;0;0;0;1;0;0;0;0;30.10.2017 03:42:00
1215736;0;0;0;1;0;0;0;0;30.10.2017 03:49:00
1206817;0;0;0;0;0;0;0;0;30.10.2017 03:54:00
1216106;0;0;0;2;0;0;0;0;30.10.2017 04:12:00
1216103;0;0;2;1;0;0;0;0;30.10.2017 04:40:00
1211455;1;0;0;3;0;1;0;4;08.10.2017 12:31:00
1212761;0;0;7;0;0;0;0;3;08.10.2017 12:48:00
1212590;0;0;0;0;0;0;0;0;09.10.2017 18:54:00
1212508;0;0;0;0;0;0;0;3;09.10.2017 19:00:00
1212511;0;0;1;3;0;0;0;1;09.10.2017 19:12:00
1212552;0;0;1;0;0;0;0;0;09.10.2017 19:22:00
1213421;0;0;0;0;0;0;0;0;11.10.2017 07:47:00
1213420;0;0;0;0;0;0;0;0;11.10.2017 07:53:00
1213520;0;0;0;0;0;0;0;0;11.10.2017 08:19:00
1213468;0;0;0;0;0;0;0;0;11.10.2017 08:22:00
1210756;0;0;0;1;0;0;0;0;12.10.2017 07:42:00
1213541;0;1;0;0;0;0;0;0;12.10.2017 07:49:00
1213531;0;0;1;0;0;0;0;2;12.10.2017 08:11:00
1210752;0;0;1;1;0;1;0;0;12.10.2017 12:30:00
1210792;4;0;0;0;0;0;0;0;12.10.2017 12:34:00
1213554;0;0;0;0;0;0;0;0;12.10.2017 14:52:00
1210431;0;0;0;0;0;0;0;0;13.10.2017 06:59:00
1213676;0;0;0;0;0;0;0;0;15.10.2017 09:41:00
1213742;0;0;1;0;0;0;0;2;15.10.2017 09:44:00
1213820;0;0;0;0;0;0;0;0;15.10.2017 12:23:00
1212728;0;0;0;0;0;0;1;0;15.10.2017 12:51:00
1213818;0;0;0;0;0;0;0;1;15.10.2017 13:04:00
1213812;0;0;0;0;1;0;0;2;16.10.2017 02:03:00
1213815;0;0;1;2;1;0;0;0;16.10.2017 03:08:00
1210844;0;0;0;0;8;0;0;0;16.10.2017 11:02:00
1214621;0;0;0;0;0;0;0;0;18.10.2017 09:49:00
1214445;0;0;0;0;0;0;0;0;18.10.2017 18:03:00
1214428;0;0;0;0;0;0;0;0;18.10.2017 18:05:00
1214441;0;0;0;1;0;0;0;0;18.10.2017 18:44:00
1214422;0;0;2;1;0;0;0;1;18.10.2017 19:30:00
1214440;0;0;1;0;0;0;0;0;18.10.2017 19:32:00
1214442;0;0;0;0;0;0;0;0;18.10.2017 20:55:00
1214438;0;0;1;0;0;0;0;0;18.10.2017 20:58:00
1214439;0;0;0;0;0;0;0;0;18.10.2017 22:18:00
1214728;0;0;0;0;0;0;0;0;18.10.2017 22:38:00
1214501;0;0;0;0;0;0;0;0;18.10.2017 22:42:00
1214634;0;0;0;0;0;0;0;0;19.10.2017 00:23:00
1208339;0;0;0;0;0;0;0;0;19.10.2017 06:42:00
1208385;0;0;0;0;0;0;0;0;19.10.2017 07:00:00
1214762;0;0;0;2;0;0;0;0;19.10.2017 07:22:00
1214755;0;0;0;0;0;0;0;0;19.10.2017 07:45:00
1214764;0;0;2;0;0;0;0;0;19.10.2017 08:10:00
1214752;0;0;1;0;0;0;0;3;19.10.2017 08:23:00
1214731;0;0;0;0;0;0;0;0;19.10.2017 09:22:00
1214750;0;0;0;0;0;0;0;1;19.10.2017 10:09:00
1214773;0;0;0;2;0;0;0;0;19.10.2017 10:58:00
1208333;0;0;1;0;0;2;0;0;19.10.2017 12:36:00
1208338;0;0;1;0;0;0;0;0;19.10.2017 12:40:00
1214760;0;0;0;0;0;0;0;1;19.10.2017 13:30:00
1204929;0;0;0;0;0;0;0;0;19.10.2017 16:15:00
1214640;0;0;2;0;0;0;0;0;19.10.2017 20:01:00
1214700;0;0;0;0;0;0;0;0;19.10.2017 20:04:00
1213563;0;0;0;0;0;0;0;0;19.10.2017 22:34:00
1213573;0;0;0;0;0;0;0;0;19.10.2017 22:51:00
1212929;0;0;0;0;0;0;0;0;20.10.2017 05:41:00
1214836;0;0;0;0;0;0;0;0;20.10.2017 06:06:00
1214813;0;0;0;0;0;0;0;1;20.10.2017 06:13:00
1214821;0;0;0;0;0;0;0;0;20.10.2017 06:19:00
1214838;0;0;0;0;0;0;0;0;20.10.2017 06:23:00
1214834;0;6;0;0;0;0;0;0;20.10.2017 06:30:00
1214807;0;0;0;0;0;0;0;1;20.10.2017 06:37:00
1214860;0;0;0;1;0;0;0;0;20.10.2017 09:41:00
1212448;0;0;1;1;0;0;0;3;08.10.2017 14:42:00
1212730;0;0;0;1;0;0;0;0;09.10.2017 13:32:00
1212587;0;0;1;0;0;0;0;0;09.10.2017 13:52:00
1212637;0;0;0;0;0;0;0;0;09.10.2017 14:44:00
1212781;0;0;2;0;0;0;0;0;09.10.2017 15:05:00
1212581;0;0;0;0;0;0;0;0;10.10.2017 00:12:00
1212670;0;0;0;0;0;0;0;0;10.10.2017 00:22:00
1212667;0;0;0;0;0;0;0;0;10.10.2017 00:25:00
1212773;0;0;0;0;0;0;0;0;10.10.2017 00:33:00
1212786;0;0;0;0;0;0;0;0;10.10.2017 00:39:00
1212734;0;0;1;0;0;0;0;0;10.10.2017 00:42:00
1212669;0;0;0;0;0;0;0;0;10.10.2017 01:07:00
1212775;0;0;0;0;0;0;0;0;10.10.2017 01:14:00
1212682;0;0;0;0;0;0;0;0;10.10.2017 01:23:00
1212562;0;0;1;0;0;0;0;0;10.10.2017 03:22:00
1212498;0;0;0;0;0;0;0;0;10.10.2017 03:23:00
1213475;0;0;0;0;0;0;0;2;10.10.2017 15:44:00
1213427;1;0;1;0;0;0;0;1;10.10.2017 16:14:00
1213503;0;0;0;0;0;0;0;1;11.10.2017 03:46:00
1213502;0;0;0;0;0;0;0;0;11.10.2017 04:17:00
1213418;0;0;0;0;0;0;0;0;11.10.2017 05:24:00
1213474;0;0;1;0;0;0;0;0;11.10.2017 05:47:00
1213423;0;0;0;0;0;0;0;0;11.10.2017 06:08:00
1213417;0;0;0;0;0;0;0;0;11.10.2017 06:35:00
1213419;0;0;0;1;0;0;0;0;11.10.2017 06:43:00
1213507;0;0;0;0;0;0;0;0;11.10.2017 07:03:00
1213485;0;2;0;0;0;1;0;0;11.10.2017 16:12:00
1213481;0;0;0;8;1;0;0;0;11.10.2017 16:59:00
1213483;0;0;0;0;1;0;0;2;11.10.2017 19:24:00
1213560;0;0;1;0;0;0;0;0;11.10.2017 20:03:00
1212727;0;0;0;0;1;0;0;0;11.10.2017 22:21:00
1213484;0;0;0;0;0;0;0;0;11.10.2017 22:51:00
1212729;0;0;0;0;1;0;0;0;11.10.2017 23:19:00
1212606;0;0;0;0;1;0;1;0;12.10.2017 00:32:00
1213490;0;0;0;0;1;0;0;0;12.10.2017 02:13:00
1213578;0;0;0;0;0;0;0;0;12.10.2017 04:34:00
1213577;0;0;0;0;0;0;0;0;12.10.2017 04:46:00
1213576;0;0;0;0;0;0;0;0;12.10.2017 04:49:00
1213529;0;0;0;0;0;0;0;0;12.10.2017 04:59:00
1213525;0;2;1;0;1;0;0;0;12.10.2017 05:16:00
1213532;0;2;0;0;0;0;0;0;12.10.2017 05:32:00
1213526;0;0;2;1;0;0;0;0;12.10.2017 07:00:00
1213528;0;0;2;1;0;0;0;0;12.10.2017 08:28:00
1213629;0;0;0;0;0;0;0;0;12.10.2017 23:49:00
1213630;0;0;0;0;0;0;0;0;13.10.2017 00:09:00
1213545;0;0;0;0;0;0;0;0;13.10.2017 00:38:00
1213645;6;0;0;1;1;0;0;11;13.10.2017 19:28:00
1212627;0;0;0;1;0;0;0;0;14.10.2017 00:38:00
1212632;0;0;1;2;1;0;0;0;14.10.2017 01:00:00
1212629;0;0;0;0;1;0;1;0;14.10.2017 01:35:00
1212679;0;0;0;0;0;0;0;0;14.10.2017 01:47:00
1212604;0;0;0;0;1;0;1;0;14.10.2017 02:31:00
1212631;0;0;0;0;2;0;3;0;14.10.2017 03:45:00
1212628;0;0;1;0;0;0;0;0;14.10.2017 03:53:00
1212633;0;0;0;0;0;0;0;0;14.10.2017 04:03:00
1212616;0;0;1;0;1;0;0;0;14.10.2017 04:21:00
1212613;0;0;0;0;1;0;0;0;14.10.2017 04:49:00
1212707;0;0;2;1;1;0;0;0;14.10.2017 05:03:00
1212702;0;1;0;0;1;0;0;0;14.10.2017 05:48:00
1212725;0;0;2;0;0;0;0;0;14.10.2017 06:19:00
1213719;0;0;0;0;0;0;0;0;14.10.2017 10:45:00
1213708;0;0;0;0;0;0;0;1;14.10.2017 11:02:00
1210835;0;0;0;0;0;3;2;1;14.10.2017 11:06:00
1213583;0;0;1;0;2;0;0;0;14.10.2017 11:39:00
1213591;0;0;0;0;0;0;0;0;14.10.2017 11:41:00
1213592;0;0;0;0;0;0;1;2;14.10.2017 11:52:00
1213590;0;0;0;0;0;0;0;0;14.10.2017 12:47:00
1213589;0;0;1;0;0;0;0;1;14.10.2017 14:16:00
1213666;0;0;0;0;0;0;0;7;14.10.2017 18:29:00
1213679;1;0;0;1;0;0;0;1;14.10.2017 18:44:00
1213819;0;0;0;0;0;0;6;1;15.10.2017 10:08:00
1213640;0;0;0;0;0;0;0;0;15.10.2017 10:11:00
1213677;0;0;0;0;1;0;0;1;15.10.2017 10:56:00
1208362;0;0;0;0;0;0;0;0;17.10.2017 07:14:00
1210584;0;0;0;0;0;0;0;0;17.10.2017 07:19:00
1212851;0;0;0;0;1;0;0;0;17.10.2017 13:19:00
1214411;0;0;0;0;0;0;0;0;17.10.2017 14:42:00
1214593;0;0;0;0;0;0;0;0;18.10.2017 02:41:00
1214595;0;0;1;0;0;0;0;0;18.10.2017 02:52:00
1214597;0;0;1;0;0;0;0;0;18.10.2017 03:01:00
1214594;0;0;0;0;1;0;0;0;18.10.2017 03:10:00
1214596;0;0;0;0;0;0;0;0;18.10.2017 03:17:00
1214519;0;0;0;0;1;0;0;0;18.10.2017 03:23:00
1214434;0;0;0;1;0;0;0;0;18.10.2017 03:32:00
1214592;0;0;0;0;0;0;0;0;18.10.2017 03:36:00
1214521;0;0;1;0;0;0;0;0;18.10.2017 03:42:00
1214591;0;0;0;0;0;0;0;0;18.10.2017 03:45:00
1214518;0;0;0;0;0;0;0;0;18.10.2017 03:52:00
1214517;0;0;0;0;0;0;0;0;18.10.2017 03:56:00
1214515;0;0;1;1;0;0;0;0;18.10.2017 04:15:00
1214590;0;0;0;0;0;0;0;0;18.10.2017 04:18:00
1214514;0;0;0;0;0;0;0;0;18.10.2017 04:25:00
1214513;0;0;0;0;0;0;0;0;18.10.2017 04:29:00
1214520;0;0;0;0;0;0;0;0;18.10.2017 04:32:00
1214516;0;0;0;0;0;0;0;0;18.10.2017 04:37:00
1214432;0;0;0;0;0;0;0;0;18.10.2017 04:54:00
1214581;0;0;1;0;0;0;0;8;18.10.2017 08:30:00
1214619;0;0;1;0;0;0;0;4;18.10.2017 13:04:00
1214577;1;0;0;1;0;0;0;0;18.10.2017 13:08:00
1214624;0;0;0;0;0;0;0;1;18.10.2017 13:28:00
1214766;0;0;0;0;0;0;0;0;19.10.2017 14:34:00
1212766;0;0;0;0;0;0;0;0;19.10.2017 14:46:00
1213574;0;0;0;1;0;0;0;0;19.10.2017 23:07:00
1213564;0;0;0;0;0;0;0;0;19.10.2017 23:09:00
1214809;0;0;1;0;0;0;0;0;20.10.2017 06:45:00
1214839;0;0;0;0;0;0;0;1;20.10.2017 06:49:00
1214837;0;0;0;0;1;0;0;0;20.10.2017 06:54:00
1213428;0;0;0;0;0;0;0;0;11.10.2017 04:42:00
1212691;0;0;0;0;0;0;1;0;11.10.2017 09:51:00
1212723;0;0;5;5;0;0;0;2;11.10.2017 18:57:00
1214498;0;0;0;0;0;0;0;0;17.10.2017 21:17:00
1213603;0;0;0;0;0;0;0;0;18.10.2017 06:41:00
1213602;0;0;0;0;0;0;0;0;18.10.2017 07:19:00
1214435;0;0;0;0;0;0;0;0;18.10.2017 08:14:00
1214627;0;0;0;0;0;0;0;4;18.10.2017 13:21:00
1214424;0;0;0;0;0;0;0;0;18.10.2017 17:18:00
1214430;0;0;0;0;0;0;0;0;18.10.2017 17:24:00
1214485;0;0;0;0;0;0;0;0;19.10.2017 17:56:00
1213566;0;1;0;0;0;0;0;0;20.10.2017 00:54:00
1213822;0;0;0;0;0;0;0;0;20.10.2017 01:25:00
1214657;0;0;0;0;0;0;0;0;20.10.2017 01:30:00
1214658;0;0;0;0;0;0;0;0;20.10.2017 01:38:00
1213845;0;0;0;0;0;0;0;5;20.10.2017 01:57:00
1213838;0;0;0;0;0;0;0;0;20.10.2017 02:57:00
1213844;0;0;0;0;0;0;0;49;20.10.2017 03:41:00
1214745;0;0;0;0;0;0;0;0;20.10.2017 04:11:00
1214749;0;0;0;0;0;0;0;0;20.10.2017 04:21:00
1214748;0;0;0;0;0;0;0;0;20.10.2017 04:31:00
1214822;0;0;0;0;1;0;0;0;20.10.2017 06:58:00
1214811;0;0;1;0;2;0;0;0;20.10.2017 07:03:00
1214832;0;0;0;0;1;0;0;0;20.10.2017 07:06:00
1214812;0;0;1;2;0;0;0;1;20.10.2017 07:35:00
1213546;0;0;2;0;0;0;0;6;12.10.2017 20:50:00
1213711;0;0;0;0;0;0;0;0;14.10.2017 09:06:00
1212918;0;0;0;0;1;0;0;0;16.10.2017 14:13:00
1212899;1;0;0;5;1;0;0;0;16.10.2017 14:28:00
1212895;0;0;1;0;4;0;0;0;16.10.2017 20:46:00
1212901;0;0;2;0;0;0;0;0;16.10.2017 20:50:00
1212840;0;0;0;0;0;0;0;0;16.10.2017 20:55:00
1212878;0;0;0;0;1;0;0;0;16.10.2017 20:58:00
1212897;0;0;0;0;0;0;0;2;17.10.2017 08:59:00
1214641;0;0;2;1;0;0;0;0;19.10.2017 11:38:00
1210577;0;0;0;0;0;0;0;0;17.10.2017 07:54:00
1208360;0;0;0;0;0;0;0;0;17.10.2017 07:58:00
1208359;0;0;0;0;0;0;0;0;17.10.2017 08:33:00
1208361;0;0;0;0;0;0;0;0;17.10.2017 08:36:00
1212903;0;0;0;0;0;0;0;0;17.10.2017 09:59:00
1212874;0;0;0;1;0;0;0;1;17.10.2017 10:05:00
1212892;0;0;0;1;0;0;0;1;17.10.2017 10:11:00
1212894;0;0;0;0;0;0;0;2;17.10.2017 10:34:00
1214421;0;0;0;0;0;0;0;0;17.10.2017 16:00:00
1214410;0;0;0;0;0;0;0;0;17.10.2017 16:18:00
1214420;0;0;0;0;0;0;0;0;17.10.2017 18:24:00
1214418;0;0;0;0;0;0;0;0;17.10.2017 19:08:00
1214491;0;0;0;0;0;0;0;1;17.10.2017 20:01:00
1214490;0;0;0;0;0;0;0;0;17.10.2017 23:56:00
1214497;0;0;0;0;0;0;0;0;17.10.2017 23:59:00
1213569;0;0;0;2;0;0;0;1;18.10.2017 00:55:00
1213724;0;0;0;1;0;0;0;0;18.10.2017 06:25:00
1214599;0;0;0;2;0;0;0;0;18.10.2017 07:04:00
1214589;2;0;1;0;0;0;0;0;18.10.2017 09:23:00
1214622;1;0;0;0;0;0;0;3;18.10.2017 11:45:00
1214623;0;0;0;0;0;0;0;0;18.10.2017 15:24:00
1214626;0;0;0;0;0;0;0;0;18.10.2017 15:26:00
1214625;0;0;0;0;0;0;0;0;18.10.2017 16:22:00
1214644;0;0;0;0;0;0;0;0;18.10.2017 16:24:00
1214615;0;0;0;0;0;0;0;0;18.10.2017 16:31:00
1214628;0;0;0;10;0;0;0;0;18.10.2017 16:36:00
1214616;0;0;0;0;0;0;0;0;18.10.2017 16:50:00
1214522;0;0;1;1;1;0;0;0;18.10.2017 21:32:00
1214426;0;0;0;0;0;0;0;0;18.10.2017 22:10:00
1214742;0;0;0;0;1;0;0;0;18.10.2017 22:55:00
1214631;0;0;0;0;0;0;0;0;18.10.2017 23:51:00
1214425;0;0;0;0;0;0;0;0;18.10.2017 23:55:00
1214633;0;0;0;0;0;0;0;0;18.10.2017 23:59:00
1214726;0;0;0;0;0;0;0;0;19.10.2017 00:09:00
1214632;0;0;0;0;0;0;0;0;19.10.2017 00:15:00
1204756;0;0;0;3;0;0;0;0;19.10.2017 03:06:00
1205817;0;0;0;0;0;0;0;0;19.10.2017 03:09:00
1214639;0;0;0;0;0;0;0;1;19.10.2017 03:20:00
1208011;0;0;0;0;0;0;0;0;19.10.2017 03:24:00
1206905;0;0;0;0;0;0;0;0;19.10.2017 03:27:00
1214636;0;0;0;0;0;0;0;0;19.10.2017 03:33:00
1214756;0;0;0;0;0;0;0;0;19.10.2017 03:34:00
1214751;0;0;0;1;0;0;0;0;19.10.2017 10:31:00
1214772;0;0;0;3;0;0;0;0;19.10.2017 11:07:00
1214730;0;0;0;9;0;0;0;0;19.10.2017 11:16:00
1214757;0;0;0;3;0;0;0;0;19.10.2017 11:57:00
1214758;0;0;1;0;0;0;0;0;19.10.2017 13:22:00
1213841;0;0;0;0;1;0;0;0;19.10.2017 18:10:00
1214770;0;0;0;0;0;0;0;0;19.10.2017 20:22:00
1214771;0;0;0;0;0;0;0;0;19.10.2017 20:24:00
1214494;0;0;0;0;0;0;0;0;19.10.2017 20:37:00
1213571;0;0;0;0;0;0;0;0;19.10.2017 23:19:00
1213575;0;0;0;0;0;0;0;0;19.10.2017 23:44:00
1213572;0;0;0;0;0;0;0;0;19.10.2017 23:48:00
1213565;0;0;0;0;0;0;0;0;20.10.2017 00:28:00
1214746;0;0;0;0;0;0;0;0;20.10.2017 05:13:00
1214618;0;0;0;3;0;0;0;1;20.10.2017 08:16:00
1214698;0;0;0;0;0;0;0;0;19.10.2017 00:35:00
1214733;0;0;0;0;0;0;0;0;19.10.2017 00:54:00
1214629;0;0;0;0;0;0;0;0;19.10.2017 01:00:00
1214744;0;0;1;0;0;0;0;1;19.10.2017 01:06:00
1214743;0;0;0;0;0;0;0;3;19.10.2017 01:09:00
1214635;0;0;0;0;0;0;0;0;19.10.2017 01:19:00
1214732;0;0;0;0;0;0;0;2;19.10.2017 01:27:00
1214694;0;0;0;0;0;0;0;0;19.10.2017 01:31:00
1214637;0;0;0;1;0;0;0;1;19.10.2017 02:35:00
1214620;0;0;0;1;0;0;0;7;19.10.2017 02:48:00
1214736;0;0;1;0;0;0;0;0;19.10.2017 03:50:00
1214740;0;0;0;0;0;0;0;0;19.10.2017 03:51:00
1214638;0;0;0;0;0;0;0;0;19.10.2017 03:58:00
1214727;0;0;2;0;0;0;0;1;19.10.2017 04:09:00
1214729;0;0;0;0;0;0;0;0;19.10.2017 04:16:00
1214696;0;0;0;0;0;0;0;0;19.10.2017 04:20:00
1214741;0;0;0;0;0;0;0;0;19.10.2017 04:25:00
1214754;0;0;0;0;0;0;0;0;19.10.2017 04:27:00
1214735;0;0;0;0;0;0;0;0;19.10.2017 04:51:00
1214695;0;0;0;0;0;0;0;0;19.10.2017 05:03:00
1214739;0;0;0;0;0;0;0;0;19.10.2017 05:19:00
1214697;0;0;0;0;0;0;0;0;19.10.2017 05:22:00
1214765;0;0;0;0;0;0;0;0;19.10.2017 05:46:00
1214444;0;1;0;0;0;0;0;0;19.10.2017 06:11:00
1214443;0;3;1;0;0;0;0;0;19.10.2017 06:16:00
1212776;0;0;0;0;0;0;0;0;19.10.2017 06:20:00
1210882;0;0;0;0;0;0;0;0;19.10.2017 06:26:00
1208328;0;0;0;0;0;0;0;0;19.10.2017 06:32:00
1214774;0;0;0;1;0;0;0;0;19.10.2017 11:00:00
1214747;0;0;0;0;0;0;0;0;20.10.2017 04:53:00
1214810;1;0;0;2;0;0;0;0;20.10.2017 13:02:00
1214858;0;0;0;5;0;0;0;0;20.10.2017 13:10:00
1212806;0;0;0;0;0;0;0;0;20.10.2017 13:37:00
1212832;0;0;0;0;0;0;0;0;20.10.2017 13:39:00
1212830;0;0;0;1;2;0;0;1;20.10.2017 13:56:00
1212807;0;0;0;0;2;0;0;0;20.10.2017 14:00:00
1214861;0;0;0;0;0;0;0;0;20.10.2017 14:42:00
1212831;0;0;2;0;1;0;0;0;20.10.2017 14:46:00
1214863;0;0;0;0;0;0;0;0;20.10.2017 14:53:00
1214672;0;0;0;0;0;0;0;0;20.10.2017 17:08:00
1214683;0;0;0;0;1;0;0;0;20.10.2017 17:16:00
1214679;0;0;0;0;0;0;0;0;20.10.2017 18:09:00
1213632;0;0;0;0;0;0;0;0;20.10.2017 18:14:00
1214682;0;0;0;0;0;0;0;1;20.10.2017 18:38:00
1213633;0;0;1;0;0;0;0;0;20.10.2017 19:07:00
1214671;0;0;1;0;0;0;0;0;20.10.2017 19:22:00
1214564;0;0;0;0;0;0;0;0;20.10.2017 20:24:00
1214566;0;0;0;0;1;0;0;0;20.10.2017 20:33:00
1214925;0;0;0;1;0;0;0;0;20.10.2017 21:30:00
1214923;0;0;0;4;0;0;0;0;20.10.2017 21:34:00
1214960;0;0;0;0;0;0;0;0;20.10.2017 23:22:00
1214975;0;0;0;0;0;0;0;0;20.10.2017 23:38:00
1214951;0;0;0;0;0;0;0;0;20.10.2017 23:41:00
1214964;0;0;0;0;0;0;0;0;21.10.2017 00:06:00
1214957;0;0;0;0;0;0;0;0;21.10.2017 00:08:00
1214955;0;0;0;0;0;0;0;0;21.10.2017 00:22:00
1214956;0;0;0;0;0;0;0;0;21.10.2017 00:29:00
1214717;0;0;0;0;0;0;0;0;21.10.2017 00:34:00
1214958;0;0;0;0;0;0;0;0;21.10.2017 00:38:00
1214974;0;0;0;0;0;0;0;1;21.10.2017 00:42:00
1214759;0;0;0;0;0;0;0;0;21.10.2017 01:27:00
1214984;0;0;0;0;0;0;0;0;21.10.2017 01:29:00
1214718;0;0;0;0;0;0;0;0;21.10.2017 01:37:00
1214953;0;0;0;0;0;0;0;0;21.10.2017 01:58:00
1214779;0;0;0;0;0;0;0;0;21.10.2017 02:27:00
1214720;0;0;0;0;0;0;0;0;21.10.2017 02:28:00
1214781;0;0;0;0;0;0;0;0;21.10.2017 02:32:00
1214865;0;0;0;0;0;0;0;0;21.10.2017 04:50:00
1214670;0;0;0;0;0;0;0;0;21.10.2017 05:04:00
1214690;0;0;0;0;0;0;0;0;21.10.2017 06:02:00
1214688;0;0;0;0;0;0;0;0;21.10.2017 06:12:00
1214648;0;0;0;0;0;0;0;0;21.10.2017 06:15:00
1214568;0;0;0;0;0;0;0;0;21.10.2017 06:18:00
1214488;0;0;0;0;0;0;0;80;21.10.2017 07:02:00
1213839;0;0;0;0;0;0;0;1;21.10.2017 07:08:00
1214492;0;0;0;0;0;0;0;79;21.10.2017 07:17:00
1214692;0;0;0;0;0;0;0;0;21.10.2017 07:46:00
1213635;0;0;1;0;0;0;0;0;21.10.2017 07:52:00
1214719;0;0;0;0;0;0;0;0;21.10.2017 08:29:00
1214689;0;0;0;1;0;0;0;1;21.10.2017 08:33:00
1214725;0;0;0;0;0;0;0;0;21.10.2017 08:36:00
1214976;0;0;2;10;0;0;0;0;21.10.2017 10:00:00
1214971;0;0;0;0;0;0;0;0;21.10.2017 10:05:00
1214968;0;0;0;0;0;0;0;0;21.10.2017 10:10:00
1214998;0;0;0;0;0;0;0;0;21.10.2017 10:15:00
1214977;0;0;0;0;0;0;0;0;21.10.2017 11:41:00
1214989;0;0;2;2;0;0;0;0;21.10.2017 11:48:00
1215004;0;0;1;0;0;0;0;0;21.10.2017 11:54:00
1208355;0;0;1;2;0;0;0;0;21.10.2017 12:37:00
1208389;0;0;1;0;0;0;0;0;21.10.2017 13:12:00
1208392;0;0;0;0;0;1;0;0;21.10.2017 13:22:00
1208387;0;0;0;0;0;0;0;0;21.10.2017 13:28:00
1208390;0;0;0;0;0;0;0;0;21.10.2017 13:43:00
1214656;0;0;0;2;0;0;0;0;21.10.2017 16:04:00
1214653;0;0;0;1;0;1;0;0;21.10.2017 16:14:00
1214652;0;0;0;1;0;0;0;0;21.10.2017 16:18:00
1214650;0;0;0;0;0;0;0;0;21.10.2017 16:37:00
1214855;0;0;0;0;0;0;0;0;21.10.2017 17:44:00
1208353;0;0;1;0;0;0;0;0;21.10.2017 20:17:00
1208407;0;0;1;0;0;0;0;0;21.10.2017 20:27:00
1215496;0;0;0;0;0;0;0;0;21.10.2017 20:33:00
1210464;0;0;0;0;0;0;0;0;21.10.2017 20:45:00
1208408;0;0;0;0;0;0;0;0;21.10.2017 20:52:00
1210938;0;0;0;0;0;0;0;0;21.10.2017 21:18:00
1214655;0;0;0;1;0;0;0;0;22.10.2017 06:13:00
1214684;0;0;0;0;0;0;0;0;22.10.2017 06:22:00
1214649;0;0;0;0;0;0;0;0;22.10.2017 06:23:00
1210940;0;0;0;0;0;0;0;0;22.10.2017 07:09:00
1213728;0;0;0;0;0;0;0;0;22.10.2017 08:10:00
1214867;0;0;0;0;0;0;0;0;22.10.2017 08:23:00
1213734;0;0;0;0;0;0;0;0;22.10.2017 08:45:00
1214872;0;0;0;0;1;0;0;0;22.10.2017 09:13:00
1208247;0;0;0;0;0;0;0;4;22.10.2017 09:50:00
1208246;0;0;0;0;0;0;0;0;22.10.2017 10:39:00
1210465;0;0;0;0;0;0;0;0;22.10.2017 10:54:00
1215009;0;0;0;0;0;0;0;0;22.10.2017 11:15:00
1210966;0;0;0;0;0;0;0;0;22.10.2017 11:21:00
1215008;0;0;0;0;0;0;0;0;22.10.2017 11:31:00
1210567;0;0;0;0;0;0;0;0;22.10.2017 11:46:00
1210575;0;0;0;0;0;0;0;0;22.10.2017 11:49:00
1208245;0;1;0;0;0;0;0;0;22.10.2017 12:09:00
1210957;0;0;0;0;0;0;0;0;22.10.2017 13:03:00
1208344;0;0;0;0;0;0;0;0;22.10.2017 13:06:00
1210594;0;0;0;0;0;0;0;0;22.10.2017 13:15:00
1210466;0;1;0;0;0;0;0;0;22.10.2017 13:17:00
1210604;0;0;0;0;0;0;0;0;22.10.2017 13:20:00
1210589;0;0;0;0;0;0;0;0;22.10.2017 13:42:00
1204849;0;0;0;0;0;0;0;0;23.10.2017 00:08:00
1204991;0;0;3;0;0;0;0;5;23.10.2017 00:15:00
1204925;0;0;0;0;0;0;0;0;23.10.2017 00:19:00
1204993;0;0;0;0;0;0;0;0;23.10.2017 00:30:00
1204853;0;0;0;0;0;0;0;0;23.10.2017 00:31:00
1204912;0;0;2;0;0;0;0;0;23.10.2017 00:37:00
1213747;0;0;0;9;0;0;0;0;23.10.2017 00:52:00
1213746;0;0;0;1;2;0;0;0;23.10.2017 01:10:00
1214598;0;0;0;2;0;0;0;0;23.10.2017 01:25:00
1204850;0;0;1;4;0;0;0;0;23.10.2017 01:49:00
1212898;2;0;0;0;3;0;0;0;20.10.2017 14:18:00
1214862;0;0;1;0;0;0;0;0;20.10.2017 15:12:00
1212833;0;0;0;0;0;0;0;0;20.10.2017 15:15:00
1214880;0;0;0;0;0;0;0;0;20.10.2017 16:17:00
1214882;0;0;0;1;0;0;0;0;20.10.2017 16:22:00
1214877;0;0;0;0;0;0;0;0;20.10.2017 16:32:00
1214926;0;0;0;0;0;0;0;0;20.10.2017 16:48:00
1214918;0;0;0;0;0;0;0;0;20.10.2017 16:50:00
1214961;0;0;2;0;0;0;0;0;20.10.2017 22:19:00
1214985;0;0;0;0;0;0;0;0;20.10.2017 22:25:00
1214952;0;0;0;0;0;0;0;0;21.10.2017 02:43:00
1214954;0;0;0;0;0;0;0;0;21.10.2017 02:54:00
1214963;0;0;0;0;0;0;0;0;21.10.2017 02:55:00
1214782;0;0;0;0;0;0;0;0;21.10.2017 03:03:00
1214761;0;0;0;0;0;0;0;0;21.10.2017 03:11:00
1214724;0;0;0;0;0;0;0;0;21.10.2017 03:17:00
1214721;0;0;0;0;0;0;0;0;21.10.2017 03:21:00
1214973;0;0;0;0;0;0;0;0;21.10.2017 03:31:00
1214687;0;0;0;0;0;0;0;0;21.10.2017 04:14:00
1214722;0;0;0;0;0;0;0;0;21.10.2017 04:21:00
1214994;0;0;0;0;0;0;0;0;21.10.2017 04:32:00
1214686;0;0;0;0;0;0;0;0;21.10.2017 05:07:00
1214645;0;0;0;0;0;0;0;0;21.10.2017 08:01:00
1213634;0;0;2;2;0;0;0;0;21.10.2017 08:10:00
1213636;0;0;6;0;0;0;0;1;21.10.2017 08:16:00
1214981;0;0;0;0;0;0;0;0;21.10.2017 08:49:00
1214969;0;0;0;0;0;0;0;0;21.10.2017 08:53:00
1214972;0;0;0;0;0;0;0;2;21.10.2017 09:35:00
1214988;0;0;0;3;0;0;0;0;21.10.2017 09:51:00
1214997;0;0;2;6;0;0;0;0;21.10.2017 11:03:00
1214847;0;0;1;0;0;0;0;0;21.10.2017 11:32:00
1215003;0;0;0;0;0;0;0;0;21.10.2017 12:09:00
1208386;0;0;0;0;0;1;0;0;21.10.2017 12:58:00
1208391;0;0;0;0;0;0;0;0;21.10.2017 13:04:00
1208384;0;0;0;0;0;0;0;0;21.10.2017 14:33:00
1208388;0;0;0;0;0;0;0;0;21.10.2017 14:35:00
1208394;0;0;0;0;0;0;0;0;21.10.2017 14:50:00
1214857;0;0;0;0;0;0;0;2;21.10.2017 15:08:00
1213705;0;0;0;0;0;0;0;0;21.10.2017 15:45:00
1214854;0;0;0;0;3;0;0;0;21.10.2017 17:15:00
1208348;0;0;1;0;0;0;0;0;21.10.2017 18:22:00
1214856;0;0;1;0;0;0;0;0;21.10.2017 18:50:00
1208349;0;0;0;0;0;0;0;0;21.10.2017 19:04:00
1208351;0;0;1;0;0;0;0;0;21.10.2017 19:17:00
1210463;0;0;0;0;0;0;0;0;21.10.2017 19:37:00
1208393;0;0;1;1;0;0;0;0;21.10.2017 19:47:00
1210941;0;0;0;0;0;0;0;0;22.10.2017 06:41:00
1210939;0;0;0;0;0;0;0;0;22.10.2017 06:53:00
1210573;0;0;0;0;0;0;0;0;22.10.2017 07:41:00
1210950;0;0;0;0;0;0;0;0;22.10.2017 12:14:00
1210967;0;0;0;0;0;0;0;0;22.10.2017 12:25:00
1208347;0;0;0;0;0;0;0;2;23.10.2017 03:52:00
1210586;0;0;0;2;0;0;0;0;23.10.2017 04:57:00
1210585;0;0;0;0;0;0;0;1;23.10.2017 05:31:00
1210588;0;0;2;0;0;0;0;0;23.10.2017 05:37:00
1210468;0;0;0;0;0;0;0;0;23.10.2017 06:35:00
1208382;0;0;0;0;0;0;0;0;23.10.2017 07:42:00
1210587;0;0;0;0;0;1;0;0;23.10.2017 07:52:00
1213702;1;0;0;0;2;0;0;2;23.10.2017 08:12:00
1210947;0;0;2;0;0;0;0;1;23.10.2017 08:30:00
1213698;0;0;0;2;1;0;0;0;23.10.2017 09:47:00
1208327;0;0;1;0;0;0;0;0;23.10.2017 10:17:00
1213745;0;5;0;0;0;0;0;0;23.10.2017 13:36:00
1213700;0;0;0;0;0;0;0;0;23.10.2017 14:38:00
1213741;0;0;0;0;0;0;0;0;23.10.2017 14:48:00
1213722;0;0;0;0;0;0;0;0;23.10.2017 15:58:00
1213748;0;0;0;0;0;0;0;0;23.10.2017 19:14:00
1213737;0;0;0;0;0;0;0;0;23.10.2017 22:14:00
1213725;0;0;0;0;0;0;0;24;23.10.2017 23:01:00
1213721;0;0;0;0;1;0;0;0;23.10.2017 23:16:00
1213699;0;1;0;0;0;0;0;0;24.10.2017 00:25:00
1214583;0;0;0;1;0;0;0;7;24.10.2017 00:35:00
1212804;0;0;0;0;0;0;0;0;24.10.2017 00:45:00
1212825;0;0;0;0;0;0;0;3;24.10.2017 00:49:00
1212791;0;0;1;2;0;0;0;0;24.10.2017 00:59:00
1212797;0;0;0;0;0;0;0;0;24.10.2017 01:02:00
1212790;0;0;0;0;0;0;0;0;24.10.2017 01:04:00
1212798;0;0;0;0;0;0;0;0;24.10.2017 01:08:00
1212794;0;0;0;0;0;0;0;0;24.10.2017 01:12:00
1212803;0;0;0;0;0;0;0;0;24.10.2017 01:22:00
1212793;0;0;0;0;0;0;0;0;24.10.2017 01:24:00
1212801;0;0;0;0;0;0;0;0;24.10.2017 01:27:00
1212796;0;0;0;0;0;0;0;0;24.10.2017 01:29:00
1212808;0;0;0;1;0;0;0;0;24.10.2017 01:34:00
1212792;0;0;0;0;0;0;0;7;24.10.2017 01:39:00
1212795;0;0;0;1;0;0;0;0;24.10.2017 01:43:00
1214607;0;0;0;1;0;0;0;6;24.10.2017 01:48:00
1212800;0;0;0;1;0;0;0;2;24.10.2017 01:52:00
1212802;0;0;1;0;0;0;0;3;24.10.2017 01:56:00
1215526;0;0;0;2;0;0;0;1;24.10.2017 02:21:00
1212789;0;0;0;0;0;0;0;2;24.10.2017 02:24:00
1212805;0;0;0;1;0;0;0;2;24.10.2017 02:27:00
1215527;0;9;0;1;0;0;0;5;24.10.2017 02:31:00
1214608;0;0;1;0;0;0;0;3;24.10.2017 02:36:00
1213695;0;0;0;0;5;0;0;0;24.10.2017 03:25:00
1215522;0;0;0;3;0;0;0;5;24.10.2017 03:39:00
1215523;0;0;1;0;0;1;0;2;24.10.2017 03:41:00
1215528;0;0;1;0;0;0;0;3;24.10.2017 03:46:00
1212787;0;0;0;0;0;0;0;3;24.10.2017 03:50:00
1212788;0;0;1;0;0;0;0;4;24.10.2017 03:55:00
1215524;0;0;0;0;0;0;0;3;24.10.2017 04:21:00
1213706;0;0;0;0;0;0;0;3;24.10.2017 04:40:00
1215536;0;0;4;0;0;0;0;2;24.10.2017 04:45:00
1212826;0;0;0;0;0;0;0;2;24.10.2017 04:50:00
1210949;0;0;0;0;0;0;0;0;24.10.2017 04:55:00
1213704;0;0;0;0;1;0;0;0;24.10.2017 05:05:00
1215521;0;0;0;0;0;0;0;4;24.10.2017 05:20:00
1214859;0;0;0;0;0;0;0;0;20.10.2017 15:29:00
1214693;0;0;0;0;0;0;0;1;21.10.2017 06:35:00
1214723;0;0;0;0;0;0;0;0;21.10.2017 06:41:00
1214691;0;0;0;0;0;0;0;0;21.10.2017 06:46:00
1214685;0;0;0;0;0;1;0;0;21.10.2017 06:50:00
1204845;0;0;0;0;0;0;0;0;22.10.2017 23:40:00
1204969;0;0;0;0;0;0;0;0;22.10.2017 23:41:00
1204940;0;0;1;0;0;0;0;0;22.10.2017 23:46:00
1206844;0;0;3;0;0;0;0;0;22.10.2017 23:52:00
1208346;0;0;2;0;0;0;0;0;23.10.2017 02:32:00
1210469;0;0;0;0;0;0;0;3;23.10.2017 02:35:00
1213697;0;0;0;0;0;0;0;0;23.10.2017 08:49:00
1213703;0;0;0;0;0;0;0;0;23.10.2017 14:32:00
1212799;0;0;0;1;0;0;0;4;24.10.2017 05:24:00
1215534;0;0;0;0;0;0;0;1;24.10.2017 05:36:00
1215525;0;0;2;3;0;0;0;7;24.10.2017 05:44:00
1212505;0;0;0;0;0;0;0;0;24.10.2017 11:50:00
1213828;0;0;4;3;0;0;0;0;24.10.2017 12:00:00
1215545;0;0;0;0;0;0;0;0;24.10.2017 12:13:00
1215532;0;0;0;1;0;0;0;0;24.10.2017 12:28:00
1213779;1;0;2;2;3;0;0;0;24.10.2017 13:18:00
1215479;0;0;1;1;0;0;0;0;24.10.2017 13:25:00
1214582;0;0;3;2;0;0;0;0;24.10.2017 13:33:00
1215550;0;0;2;0;0;0;0;0;24.10.2017 13:43:00
1215562;0;0;0;2;0;0;0;0;24.10.2017 13:46:00
1215563;0;0;0;3;0;0;0;0;24.10.2017 13:52:00
1214600;0;0;0;0;0;0;0;0;24.10.2017 14:26:00
1213829;0;0;0;0;0;0;0;0;24.10.2017 16:40:00
1214889;0;0;0;0;0;0;0;0;24.10.2017 16:46:00
1215490;0;0;0;0;0;0;0;0;24.10.2017 16:53:00
1215493;0;0;0;0;0;0;0;2;24.10.2017 17:25:00
1213751;0;0;0;0;0;0;0;0;24.10.2017 17:45:00
1215502;0;0;0;0;0;0;0;0;24.10.2017 17:49:00
1215516;0;0;0;0;0;0;0;0;24.10.2017 17:55:00
1213758;0;0;0;0;0;0;0;0;24.10.2017 17:58:00
1213830;0;0;0;0;0;0;0;0;24.10.2017 18:23:00
1215517;0;0;0;0;0;0;0;0;24.10.2017 18:28:00
1215518;0;0;0;0;0;0;0;0;24.10.2017 18:36:00
1215495;0;0;0;0;0;0;0;0;24.10.2017 19:34:00
1213690;0;0;0;0;0;0;0;0;24.10.2017 20:47:00
1213762;0;0;0;0;0;0;0;0;24.10.2017 21:15:00
1213691;0;0;0;0;0;0;0;0;24.10.2017 22:17:00
1213831;0;0;1;1;0;0;0;0;24.10.2017 22:28:00
1215520;0;0;0;0;0;0;0;0;24.10.2017 22:49:00
1215641;0;0;3;0;0;0;0;0;24.10.2017 23:01:00
1215492;0;0;0;0;0;0;0;0;24.10.2017 23:04:00
1215519;0;0;0;0;2;0;0;0;24.10.2017 23:07:00
1215488;0;0;0;0;0;0;0;0;24.10.2017 23:09:00
1215514;0;0;0;0;0;0;0;8;24.10.2017 23:18:00
1215500;0;0;0;0;0;0;0;0;24.10.2017 23:49:00
1215646;0;0;0;0;0;0;0;2;24.10.2017 23:54:00
1215515;0;0;0;0;0;0;0;0;24.10.2017 23:57:00
1215484;0;0;1;1;0;0;0;0;25.10.2017 00:04:00
1213832;0;0;1;1;0;0;0;2;25.10.2017 00:13:00
1215648;0;0;1;0;0;0;0;0;25.10.2017 00:18:00
1215543;0;0;1;2;0;0;0;1;25.10.2017 00:25:00
1215531;0;0;3;1;0;0;0;0;25.10.2017 00:32:00
1215539;0;0;5;0;0;0;0;0;25.10.2017 00:41:00
1215546;0;0;2;1;0;0;0;0;25.10.2017 00:54:00
1214851;1;1;2;0;0;0;0;4;25.10.2017 02:15:00
1215645;0;0;5;0;0;0;0;0;25.10.2017 02:28:00
1213763;0;0;1;5;0;0;0;1;25.10.2017 03:10:00
1215652;0;0;2;0;0;0;0;0;25.10.2017 05:05:00
1215658;0;0;0;0;0;0;0;0;25.10.2017 05:07:00
1215647;0;0;1;0;0;0;0;0;25.10.2017 05:09:00
1214911;0;0;0;0;0;0;0;7;25.10.2017 05:18:00
1214850;1;0;0;1;1;0;0;1;25.10.2017 05:27:00
1213790;0;0;0;7;0;0;0;0;25.10.2017 05:37:00
1215651;0;0;2;0;0;0;0;0;25.10.2017 05:44:00
1214613;0;0;0;0;0;0;0;0;25.10.2017 07:14:00
1214610;0;17;0;0;0;0;0;0;25.10.2017 07:21:00
1214611;0;0;0;0;0;0;0;0;25.10.2017 07:26:00
1213826;0;0;0;0;0;0;0;0;25.10.2017 09:42:00
1215075;0;0;1;2;0;0;0;0;25.10.2017 09:59:00
1213801;0;0;0;1;0;0;0;0;25.10.2017 11:59:00
1215481;0;0;0;0;0;0;0;0;25.10.2017 12:18:00
1215483;0;0;0;0;0;0;0;0;25.10.2017 12:25:00
1214578;0;0;1;0;0;0;0;0;25.10.2017 12:37:00
1214569;0;0;0;0;0;0;0;0;25.10.2017 13:12:00
1214563;0;0;0;0;0;0;0;0;25.10.2017 13:14:00
1215538;0;0;1;0;0;0;0;0;25.10.2017 13:31:00
1214580;0;0;0;0;0;0;0;0;25.10.2017 13:36:00
1214603;0;0;0;0;0;0;0;0;25.10.2017 13:38:00
1213799;0;0;3;2;0;0;0;0;25.10.2017 13:42:00
1214567;0;0;0;0;0;0;0;0;25.10.2017 13:48:00
1214565;0;0;0;0;0;0;0;0;25.10.2017 13:55:00
1214576;0;0;0;0;0;0;0;0;25.10.2017 14:29:00
1214604;0;0;0;0;0;0;0;0;25.10.2017 14:34:00
1214788;0;0;0;0;0;0;0;1;25.10.2017 21:15:00
1214784;0;0;0;0;0;0;0;0;25.10.2017 21:19:00
1213739;0;0;0;0;0;0;0;0;26.10.2017 01:49:00
1215065;0;0;0;1;0;0;0;3;26.10.2017 01:59:00
1215061;0;0;0;0;0;0;0;0;26.10.2017 02:08:00
1214944;0;0;1;0;0;0;0;4;26.10.2017 02:23:00
1214938;1;0;0;4;0;0;0;1;26.10.2017 06:03:00
1214937;2;0;0;2;0;0;0;0;26.10.2017 06:09:00
1215489;0;0;2;0;0;0;0;0;26.10.2017 06:19:00
1215644;0;0;0;0;0;0;0;0;26.10.2017 06:25:00
1215649;0;0;0;1;0;0;0;0;26.10.2017 06:27:00
1215660;0;0;0;0;0;0;0;0;26.10.2017 06:30:00
1215650;0;0;1;0;2;0;0;0;26.10.2017 06:33:00
1215657;0;0;0;0;0;0;0;0;26.10.2017 06:36:00
1215662;0;0;0;0;0;0;0;0;26.10.2017 06:40:00
1215653;0;0;2;0;0;0;0;0;26.10.2017 06:43:00
1215659;0;0;0;0;0;0;0;0;26.10.2017 06:51:00
1214848;0;0;0;0;3;0;0;5;26.10.2017 08:20:00
1215678;0;0;0;0;0;0;0;1;26.10.2017 08:48:00
1204846;0;0;1;0;0;0;0;1;23.10.2017 01:51:00
1204855;0;0;0;0;0;0;0;0;23.10.2017 01:53:00
1204941;0;0;0;0;0;0;0;0;23.10.2017 01:56:00
1210593;0;0;0;0;0;1;0;0;23.10.2017 04:29:00
1208356;0;0;0;0;0;0;0;1;23.10.2017 04:39:00
1208354;0;0;0;0;0;0;0;0;23.10.2017 09:34:00
1210942;0;0;0;0;0;0;0;0;23.10.2017 11:02:00
1213707;0;0;1;0;1;0;0;1;23.10.2017 11:18:00
1210943;0;0;0;0;0;0;0;0;23.10.2017 11:44:00
1210945;0;1;0;0;0;0;0;0;23.10.2017 12:10:00
1208381;0;0;0;0;0;0;0;0;23.10.2017 12:43:00
1213701;0;0;0;0;0;0;0;0;23.10.2017 15:42:00
1213727;0;0;0;0;0;0;0;0;23.10.2017 17:43:00
1213743;0;0;0;0;0;0;0;0;23.10.2017 19:44:00
1213696;0;0;0;0;0;0;0;0;23.10.2017 20:18:00
1215019;0;0;0;0;0;0;0;0;23.10.2017 20:24:00
1213744;0;0;1;0;1;0;0;1;24.10.2017 08:47:00
1214609;0;0;0;0;0;0;0;0;24.10.2017 11:08:00
1214606;0;0;0;0;0;0;0;0;24.10.2017 11:13:00
1215530;0;0;0;1;0;0;0;0;24.10.2017 11:17:00
1215529;0;0;1;0;0;1;0;0;24.10.2017 11:26:00
1215480;0;0;0;0;0;0;0;0;24.10.2017 18:49:00
1213760;0;0;0;0;0;0;0;0;24.10.2017 18:59:00
1215642;0;0;0;0;0;0;0;0;25.10.2017 03:15:00
1215656;0;0;0;0;0;1;0;0;25.10.2017 03:23:00
1213843;0;0;0;0;0;0;0;1;25.10.2017 04:00:00
1213835;0;0;0;5;0;0;0;1;25.10.2017 04:28:00
1214853;0;0;0;2;0;0;0;12;25.10.2017 04:48:00
1214612;0;0;0;0;0;0;0;0;25.10.2017 06:56:00
1214614;0;1;0;0;0;0;0;0;25.10.2017 07:01:00
1213823;0;0;0;0;1;0;0;0;25.10.2017 09:14:00
1215486;0;0;0;0;0;0;0;0;25.10.2017 10:59:00
1214585;0;0;0;0;0;0;0;0;25.10.2017 11:03:00
1215537;0;0;0;0;0;0;0;0;25.10.2017 11:07:00
1215487;0;0;1;0;0;0;0;0;25.10.2017 21:50:00
1214789;0;0;0;0;0;0;0;0;25.10.2017 22:08:00
1214783;0;0;0;0;0;0;0;0;25.10.2017 22:13:00
1214785;0;0;1;0;0;0;0;0;25.10.2017 22:15:00
1215693;0;0;6;1;0;0;0;0;25.10.2017 23:26:00
1215747;0;0;2;0;0;0;0;0;25.10.2017 23:44:00
1215699;0;0;2;0;0;0;0;0;25.10.2017 23:50:00
1215692;0;0;0;0;0;0;0;1;25.10.2017 23:57:00
1215714;0;0;0;5;0;0;0;3;26.10.2017 00:27:00
1215643;1;0;1;0;2;0;0;9;26.10.2017 00:48:00
1215718;0;0;0;0;0;0;0;0;26.10.2017 01:15:00
1215676;0;0;0;0;0;0;0;0;26.10.2017 01:26:00
1214939;0;0;3;1;0;0;0;5;26.10.2017 03:02:00
1215760;0;0;0;0;0;0;0;0;26.10.2017 03:08:00
1214950;0;0;0;1;0;0;0;0;26.10.2017 03:22:00
1214966;0;0;2;0;0;0;0;0;26.10.2017 03:28:00
1215792;0;0;0;0;0;0;0;0;26.10.2017 04:53:00
1215764;0;0;0;0;0;0;0;0;26.10.2017 05:00:00
1215769;0;0;0;0;0;0;0;0;26.10.2017 05:17:00
1215573;0;0;1;0;0;0;0;0;26.10.2017 05:21:00
1215705;0;0;0;1;0;0;0;0;26.10.2017 05:27:00
1215031;1;0;0;1;0;0;0;0;26.10.2017 07:18:00
1215795;0;0;0;0;0;0;0;0;26.10.2017 07:27:00
1215681;0;0;0;0;0;0;0;8;26.10.2017 08:33:00
1215689;0;0;0;0;1;0;0;1;26.10.2017 08:38:00
1215682;1;0;0;0;0;0;0;0;26.10.2017 08:43:00
1215756;0;0;1;0;0;0;0;0;26.10.2017 08:54:00
1215800;0;0;0;2;0;0;0;0;26.10.2017 08:57:00
1214946;0;0;2;0;0;0;0;0;26.10.2017 09:05:00
1213824;0;0;0;0;1;0;0;1;26.10.2017 10:22:00
1215804;0;0;2;1;0;0;0;0;26.10.2017 10:30:00
1215712;0;1;0;1;0;0;0;0;26.10.2017 10:49:00
1215708;0;0;0;0;0;0;0;0;26.10.2017 10:53:00
1215709;0;0;3;1;0;0;0;3;26.10.2017 10:55:00
1215702;0;0;2;0;0;0;0;0;26.10.2017 11:05:00
1215757;0;0;0;0;0;0;0;0;26.10.2017 11:37:00
1215707;0;0;1;1;0;0;0;5;26.10.2017 11:41:00
1215548;0;0;0;0;0;0;0;0;26.10.2017 11:56:00
1215655;0;0;0;0;0;0;0;0;26.10.2017 13:45:00
1215654;0;0;0;0;0;0;0;0;26.10.2017 13:49:00
1215671;0;0;1;13;1;1;0;1;26.10.2017 15:27:00
1215030;0;0;0;0;1;0;0;0;26.10.2017 15:38:00
1213836;0;0;4;0;0;0;0;0;26.10.2017 17:19:00
1215631;0;0;0;0;0;0;0;0;26.10.2017 20:17:00
1215564;0;0;0;0;0;0;0;0;26.10.2017 21:17:00
1215630;0;0;0;19;2;8;0;0;27.10.2017 04:47:00
1215904;1;0;0;0;0;0;0;0;27.10.2017 05:26:00
1215628;0;0;0;18;0;2;0;18;27.10.2017 05:49:00
1215668;0;0;1;0;5;0;0;0;27.10.2017 08:34:00
1215570;0;0;5;12;1;0;1;0;27.10.2017 11:10:00
1215567;0;0;0;0;2;0;0;8;27.10.2017 11:27:00
1215952;0;0;0;0;0;0;0;0;27.10.2017 11:33:00
1215640;0;0;2;0;1;0;0;2;27.10.2017 13:15:00
1215578;0;0;3;0;2;0;0;1;27.10.2017 14:40:00
1215569;0;0;3;0;2;0;0;1;27.10.2017 15:27:00
1215629;0;0;1;4;1;0;0;2;27.10.2017 15:44:00
1215566;0;0;7;2;1;0;0;0;27.10.2017 17:39:00
1215606;0;0;12;0;0;0;0;6;27.10.2017 18:00:00
1215665;0;0;0;12;0;0;0;0;27.10.2017 19:24:00
1215026;0;0;0;0;0;0;0;0;27.10.2017 20:05:00
1215975;0;0;0;0;0;0;0;0;27.10.2017 21:27:00
1215971;0;1;0;0;0;0;0;3;27.10.2017 22:54:00
1215972;0;0;4;0;0;0;0;0;27.10.2017 23:02:00
1216023;2;0;0;4;0;0;0;16;28.10.2017 01:24:00
1215745;0;0;0;0;0;0;0;0;28.10.2017 01:31:00
1215974;0;0;2;0;0;0;0;1;28.10.2017 03:34:00
1215973;23;0;0;0;0;0;0;0;28.10.2017 03:44:00
1215931;0;0;1;0;0;0;0;0;28.10.2017 03:59:00
1215970;0;0;2;1;0;0;0;0;28.10.2017 05:29:00
1215957;0;0;0;0;0;0;0;0;28.10.2017 06:07:00
1215823;0;0;0;2;0;0;0;0;28.10.2017 06:11:00
1215820;0;0;0;8;0;0;0;0;28.10.2017 06:21:00
1215986;0;0;0;0;0;0;0;1;28.10.2017 08:57:00
1213729;0;0;0;0;0;0;0;0;23.10.2017 16:29:00
1213694;0;0;0;0;0;0;0;0;23.10.2017 19:07:00
1215491;0;0;0;0;0;0;0;0;24.10.2017 17:39:00
1213825;0;0;0;0;0;0;0;0;25.10.2017 09:09:00
1215661;0;0;0;0;0;0;0;0;25.10.2017 11:21:00
1213750;0;6;0;0;0;0;0;0;25.10.2017 11:31:00
1214587;0;2;0;0;0;0;0;0;25.10.2017 11:34:00
1214572;0;0;0;0;0;0;0;0;25.10.2017 11:39:00
1215533;0;0;0;0;0;0;0;0;25.10.2017 12:59:00
1215540;0;0;0;0;0;0;0;0;25.10.2017 17:18:00
1215565;0;0;0;0;0;0;0;3;27.10.2017 09:46:00
1213827;0;0;0;2;1;0;0;0;27.10.2017 10:23:00
1215940;0;0;1;0;1;0;0;0;28.10.2017 09:48:00
1215912;0;0;1;0;0;0;0;0;28.10.2017 10:40:00
1215950;0;0;0;0;0;0;0;0;28.10.2017 10:46:00
1215887;0;0;0;0;0;0;0;1;28.10.2017 10:57:00
1215913;0;0;0;0;0;0;0;0;28.10.2017 11:02:00
1215948;0;0;1;0;0;0;0;0;28.10.2017 11:14:00
1215915;0;0;0;0;0;0;0;0;28.10.2017 11:20:00
1215704;0;0;1;7;0;0;0;0;28.10.2017 11:28:00
1216090;0;0;0;0;0;0;0;0;28.10.2017 15:21:00
1216093;0;0;0;0;0;0;0;0;28.10.2017 15:25:00
1216089;0;0;0;0;0;0;0;0;28.10.2017 15:29:00
1216097;0;0;0;0;0;0;0;0;28.10.2017 15:31:00
1216095;0;0;3;0;0;0;0;0;28.10.2017 15:43:00
1216094;0;0;0;0;0;0;0;0;28.10.2017 15:55:00
1215967;0;0;0;0;0;0;0;2;28.10.2017 17:08:00
1215024;0;0;0;0;0;0;0;0;28.10.2017 20:39:00
1215635;0;0;0;0;0;0;0;0;29.10.2017 00:13:00
1215738;0;0;2;0;0;0;0;0;29.10.2017 00:16:00
1216167;0;0;0;2;0;0;0;0;29.10.2017 00:26:00
1216166;3;0;0;0;0;0;0;0;29.10.2017 01:10:00
1206806;0;0;0;0;0;0;0;0;29.10.2017 02:20:00
1214864;0;0;0;0;0;0;0;0;29.10.2017 02:47:00
1206793;0;0;0;0;0;0;0;0;29.10.2017 02:22:00
1216099;0;0;0;5;0;0;0;0;29.10.2017 02:45:00
1208141;0;0;0;0;0;0;0;0;29.10.2017 02:56:00
1208148;0;0;0;2;0;0;0;1;29.10.2017 03:11:00
1208131;1;0;0;0;0;0;0;1;29.10.2017 03:24:00
1208143;0;0;2;0;0;0;0;0;29.10.2017 03:38:00
1206802;0;0;0;0;0;0;0;0;29.10.2017 04:30:00
1216081;0;0;0;5;0;0;0;0;29.10.2017 05:00:00
1206808;0;0;0;0;0;0;0;0;29.10.2017 05:04:00
1206823;0;0;0;0;0;0;0;0;29.10.2017 05:13:00
1208140;0;0;0;0;0;0;0;0;29.10.2017 05:17:00
1206810;0;0;0;0;0;0;0;0;29.10.2017 06:01:00
1216072;0;0;0;0;0;0;0;0;29.10.2017 06:57:00
1216156;0;0;0;0;0;0;0;2;29.10.2017 07:07:00
1214866;0;0;5;0;0;0;0;0;29.10.2017 07:13:00
1214873;0;0;0;0;0;0;0;0;29.10.2017 07:52:00
1216060;0;0;0;4;0;0;0;0;29.10.2017 08:02:00
1216083;0;0;0;0;0;0;0;0;29.10.2017 10:52:00
1206807;0;0;0;0;0;0;0;0;29.10.2017 10:57:00
1208144;0;0;2;0;0;0;0;0;29.10.2017 12:57:00
1208147;0;0;0;0;0;0;0;0;29.10.2017 22:46:00
1206803;0;0;2;0;0;0;0;0;29.10.2017 22:49:00
1208142;0;0;2;0;0;0;0;0;30.10.2017 00:12:00
1206819;0;0;1;0;0;0;0;0;30.10.2017 00:18:00
1208146;0;0;0;0;0;0;0;0;30.10.2017 00:24:00
1216085;0;0;1;0;0;0;0;0;30.10.2017 06:30:00
1216115;0;0;0;0;0;0;0;0;30.10.2017 07:09:00
1216118;1;1;0;2;0;0;0;1;30.10.2017 08:07:00
1216113;0;0;1;0;0;0;0;0;30.10.2017 08:27:00
1216120;0;0;0;1;0;0;0;0;30.10.2017 08:29:00
1213723;0;0;3;2;0;0;0;1;24.10.2017 09:48:00
1213726;0;0;0;2;0;0;0;0;24.10.2017 10:26:00
1214912;0;0;0;0;0;0;0;0;24.10.2017 15:58:00
1214888;0;0;0;0;0;0;0;0;24.10.2017 17:09:00
1206865;0;0;0;0;0;0;0;0;25.10.2017 01:49:00
1212779;0;0;2;0;0;1;0;0;25.10.2017 01:53:00
1215556;0;0;2;1;0;0;0;0;26.10.2017 09:11:00
1215801;0;0;0;0;0;0;0;0;26.10.2017 11:21:00
1215638;0;0;0;0;0;0;0;0;27.10.2017 13:33:00
1213757;0;0;0;0;1;0;0;1;25.10.2017 07:53:00
1215076;0;0;0;1;1;0;0;0;25.10.2017 10:21:00
1214605;0;0;1;0;0;0;0;0;25.10.2017 11:49:00
1214574;0;0;0;0;0;0;0;0;25.10.2017 11:52:00
1215542;0;0;3;0;0;0;0;0;25.10.2017 17:50:00
1215535;0;0;0;0;0;0;0;0;25.10.2017 18:48:00
1215541;0;0;1;0;0;0;0;0;25.10.2017 19:14:00
1214787;0;0;0;0;0;0;0;0;25.10.2017 21:01:00
1214786;0;0;0;0;0;0;0;0;25.10.2017 23:00:00
1215544;0;0;4;0;0;0;0;0;25.10.2017 23:02:00
1215672;0;0;0;0;0;0;0;0;25.10.2017 23:10:00
1214967;0;0;0;0;0;34;0;0;26.10.2017 02:46:00
1214949;0;0;0;0;0;0;0;0;26.10.2017 07:59:00
1215713;0;0;0;0;0;0;0;0;26.10.2017 08:08:00
1215557;0;0;1;1;0;0;0;0;26.10.2017 09:53:00
1215552;0;0;0;1;0;0;0;0;26.10.2017 09:59:00
1215547;0;0;2;2;0;0;0;0;26.10.2017 10:03:00
1215703;0;0;1;0;0;0;0;0;26.10.2017 11:29:00
1215029;0;0;0;1;0;0;0;0;26.10.2017 13:34:00
1213761;0;0;0;0;0;0;0;0;26.10.2017 16:40:00
1215603;5;0;1;26;0;0;0;10;27.10.2017 03:17:00
1215633;0;0;0;30;0;0;0;29;27.10.2017 07:26:00
1215670;0;1;0;4;1;0;0;0;27.10.2017 07:42:00
1215917;0;0;0;1;1;0;0;0;27.10.2017 07:51:00
1215923;0;0;0;1;1;0;0;0;27.10.2017 07:56:00
1215903;0;0;1;0;0;0;0;0;27.10.2017 08:04:00
1215840;0;0;0;0;0;0;0;0;27.10.2017 08:06:00
1215911;0;0;1;0;0;1;0;0;27.10.2017 09:08:00
1214849;0;0;0;0;0;0;0;0;27.10.2017 11:52:00
1215639;0;0;0;1;0;0;0;0;27.10.2017 15:05:00
1215625;0;0;0;0;0;0;0;0;27.10.2017 19:12:00
1215976;0;0;2;0;0;0;0;0;27.10.2017 22:20:00
1215982;0;0;0;0;0;0;0;2;27.10.2017 22:25:00
1215979;0;1;0;1;0;0;0;0;27.10.2017 23:09:00
1215981;1;0;0;0;0;1;0;2;27.10.2017 23:59:00
1215675;0;0;0;0;0;0;0;0;28.10.2017 00:24:00
1215677;0;0;0;0;0;0;0;0;28.10.2017 00:43:00
1215753;0;0;0;0;0;0;0;0;28.10.2017 00:46:00
1215750;0;0;0;0;0;0;0;0;28.10.2017 00:49:00
1215697;0;0;0;0;0;0;0;0;28.10.2017 00:53:00
1215754;0;0;0;0;0;0;0;0;28.10.2017 00:56:00
1215752;0;0;0;0;0;0;0;0;28.10.2017 01:49:00
1216004;0;0;2;1;0;0;0;0;28.10.2017 02:26:00
1215778;0;0;1;0;0;0;0;0;28.10.2017 02:32:00
1215551;0;0;0;0;0;0;0;0;28.10.2017 02:38:00
1215951;0;0;0;0;0;0;0;0;28.10.2017 06:45:00
1215959;0;0;5;0;0;0;0;0;28.10.2017 06:56:00
1215932;0;0;1;1;0;0;0;0;28.10.2017 07:56:00
1216021;0;0;1;0;0;0;0;0;28.10.2017 16:38:00
1216005;0;0;0;0;0;0;0;0;28.10.2017 16:41:00
1216006;0;1;1;0;0;0;0;0;28.10.2017 16:44:00
1216008;0;0;4;0;0;0;0;1;28.10.2017 16:47:00
1216000;0;0;0;0;0;0;0;0;28.10.2017 16:49:00
1215032;0;0;0;0;0;0;0;0;28.10.2017 18:55:00
1216022;0;1;0;0;8;0;0;0;28.10.2017 19:06:00
1215969;0;0;0;0;0;0;0;0;28.10.2017 19:09:00
1215028;0;0;1;0;0;0;0;0;28.10.2017 19:38:00
1215027;0;0;0;0;0;0;0;0;28.10.2017 20:19:00
1215600;0;0;0;0;0;0;0;0;28.10.2017 22:02:00
1215599;0;0;0;0;0;0;0;0;28.10.2017 22:05:00
1215608;0;0;0;0;0;0;0;0;28.10.2017 22:07:00
1215577;0;0;0;0;0;0;0;0;28.10.2017 22:09:00
1215585;0;0;0;0;0;0;0;0;28.10.2017 22:12:00
1215684;0;0;0;0;0;0;0;0;28.10.2017 22:16:00
1215576;0;0;2;0;0;0;0;0;28.10.2017 22:29:00
1215592;0;0;1;0;0;0;0;1;28.10.2017 22:36:00
1215680;0;0;0;0;0;0;0;0;28.10.2017 22:39:00
1215574;0;0;0;0;0;0;0;0;28.10.2017 22:43:00
1215607;0;0;0;0;0;0;0;0;28.10.2017 22:46:00
1215749;0;0;1;0;0;0;0;0;28.10.2017 22:49:00
1215802;0;0;0;0;0;0;0;0;28.10.2017 22:55:00
1215796;0;0;0;0;0;0;0;0;28.10.2017 22:57:00
1215809;0;0;0;0;0;0;0;0;28.10.2017 23:00:00
1215794;0;0;0;0;0;0;0;0;28.10.2017 23:01:00
1215807;0;0;0;0;0;0;0;0;28.10.2017 23:04:00
1215810;0;0;0;0;0;0;0;0;28.10.2017 23:06:00
1215793;0;0;0;0;0;0;0;0;28.10.2017 23:14:00
1215731;0;0;2;2;1;0;0;0;28.10.2017 23:33:00
1215746;0;0;7;1;2;0;0;0;29.10.2017 00:03:00
1208134;0;0;0;0;0;0;0;0;29.10.2017 23:20:00
1215734;0;0;0;0;1;0;0;0;30.10.2017 00:04:00
1206820;0;0;0;0;1;0;0;0;30.10.2017 01:03:00
1206813;0;0;0;0;0;0;0;0;30.10.2017 03:18:00
1216110;0;0;0;6;0;0;0;0;30.10.2017 04:46:00
1216084;0;0;0;0;0;0;0;0;30.10.2017 05:05:00
1216086;0;0;0;0;0;0;0;0;30.10.2017 05:18:00
1215733;0;0;0;2;1;0;0;0;30.10.2017 05:30:00
1216107;0;2;0;1;0;0;0;1;30.10.2017 05:46:00
1215555;0;0;3;4;0;0;0;0;26.10.2017 09:45:00
1214965;0;0;4;0;0;0;0;8;26.10.2017 12:28:00
1215706;0;0;0;0;0;0;0;3;26.10.2017 12:32:00
1215007;0;0;0;1;5;0;0;0;26.10.2017 14:33:00
1215006;2;0;3;0;4;0;0;1;26.10.2017 14:59:00
1215593;0;0;0;23;0;0;0;2;26.10.2017 22:33:00
1215609;0;0;0;22;0;0;0;1;26.10.2017 23:04:00
1215627;0;0;0;11;0;0;0;0;27.10.2017 00:42:00
1215610;0;0;4;27;0;0;0;3;27.10.2017 00:59:00
1215632;0;1;0;17;0;0;0;3;27.10.2017 01:48:00
1208263;0;0;2;0;0;0;0;9;27.10.2017 02:48:00
1215597;0;0;0;40;0;0;0;2;27.10.2017 04:25:00
1214947;0;0;2;0;0;1;0;0;27.10.2017 06:15:00
1215667;0;0;2;3;0;0;0;1;27.10.2017 08:42:00
1215025;0;0;0;0;0;0;0;0;27.10.2017 09:17:00
1215954;0;0;0;0;0;0;0;0;27.10.2017 10:42:00
1215664;0;0;0;0;0;0;0;0;27.10.2017 12:49:00
1215666;0;0;0;0;1;0;0;0;27.10.2017 12:55:00
1215663;0;0;3;0;0;0;0;0;27.10.2017 17:22:00
1215023;0;0;0;0;0;0;0;1;27.10.2017 20:23:00
1215575;0;0;8;3;2;0;0;2;27.10.2017 20:34:00
1215968;0;0;0;0;0;0;0;4;27.10.2017 23:45:00
1215679;0;0;0;0;0;0;0;0;28.10.2017 00:06:00
1215673;0;0;0;0;0;0;0;0;28.10.2017 00:09:00
1215674;0;0;0;0;0;0;0;0;28.10.2017 00:11:00
1215690;0;0;0;0;0;0;0;0;28.10.2017 00:13:00
1215751;0;0;0;0;0;0;0;0;28.10.2017 00:17:00
1215755;0;0;0;0;0;0;0;0;28.10.2017 00:20:00
1215980;0;0;3;1;0;0;0;1;28.10.2017 03:15:00
1215942;0;1;0;0;0;0;0;0;28.10.2017 04:04:00
1215939;0;0;1;0;0;0;0;0;28.10.2017 04:07:00
1215937;0;0;0;0;0;0;0;0;28.10.2017 04:10:00
1215943;0;0;0;0;0;0;0;0;28.10.2017 04:13:00
1215945;0;0;0;0;0;1;0;0;28.10.2017 04:31:00
1215938;0;0;0;0;0;0;0;0;28.10.2017 04:33:00
1215935;0;0;0;0;0;0;0;0;28.10.2017 04:36:00
1215933;0;0;0;1;0;0;0;0;28.10.2017 04:42:00
1215928;0;0;0;3;0;0;0;0;28.10.2017 04:46:00
1215918;0;0;0;0;0;0;0;0;28.10.2017 04:49:00
1216024;1;0;1;0;0;0;0;16;28.10.2017 05:45:00
1215946;0;0;0;0;0;0;0;1;28.10.2017 07:06:00
1215777;0;0;0;0;0;0;0;0;28.10.2017 07:11:00
1215930;0;0;2;1;1;0;0;0;28.10.2017 07:16:00
1215922;0;0;0;6;0;0;0;0;28.10.2017 07:41:00
1212746;0;0;1;0;0;0;0;0;28.10.2017 08:29:00
1215927;0;0;1;1;2;0;0;0;28.10.2017 08:36:00
1216091;0;0;1;0;0;0;0;0;28.10.2017 08:39:00
1216098;0;0;0;0;0;0;0;0;28.10.2017 08:45:00
1215966;0;0;2;0;0;0;0;1;28.10.2017 08:50:00
1216088;0;0;1;0;0;0;0;0;28.10.2017 09:28:00
1215984;0;0;0;1;0;0;0;0;28.10.2017 09:40:00
1215929;0;0;3;3;1;0;0;2;28.10.2017 10:04:00
1215914;0;0;1;0;0;0;0;0;28.10.2017 10:11:00
1215916;0;0;1;0;0;0;0;0;28.10.2017 10:20:00
1215947;0;0;1;0;0;0;0;0;28.10.2017 10:28:00
1215960;0;0;0;0;0;0;0;0;28.10.2017 11:08:00
1216015;0;0;0;0;0;0;0;0;28.10.2017 11:38:00
1215962;0;0;0;0;0;0;0;0;28.10.2017 11:43:00
1215920;0;0;0;0;0;0;0;0;28.10.2017 11:53:00
1216020;0;0;0;0;0;0;0;1;28.10.2017 12:12:00
1215956;0;0;0;0;0;0;0;1;28.10.2017 12:19:00
1215961;0;0;1;1;0;0;0;0;28.10.2017 12:30:00
1216013;0;0;1;1;0;0;0;0;28.10.2017 12:37:00
1215921;0;0;3;0;0;0;0;0;28.10.2017 12:57:00
1215949;0;0;0;0;0;0;0;0;28.10.2017 13:02:00
1215953;0;0;0;0;0;0;0;0;28.10.2017 13:07:00
1215955;0;0;0;0;0;0;0;0;28.10.2017 13:18:00
1215720;0;0;0;0;0;0;0;0;28.10.2017 13:20:00
1215965;0;0;0;0;0;0;0;2;28.10.2017 13:26:00
1215964;0;0;0;0;0;0;0;0;28.10.2017 13:29:00
1216019;0;0;1;0;0;0;0;0;28.10.2017 13:33:00
1215963;0;0;0;0;0;0;0;0;28.10.2017 13:36:00
1215936;0;0;0;0;0;0;0;0;28.10.2017 13:39:00
1215934;0;0;1;0;1;0;0;0;28.10.2017 13:46:00
1215926;0;0;3;4;0;0;0;0;28.10.2017 13:50:00
1216092;0;0;0;0;0;0;0;0;28.10.2017 13:55:00
1216096;0;0;0;0;0;0;0;0;28.10.2017 15:36:00
1215983;0;0;2;5;0;0;0;0;28.10.2017 19:23:00
1215743;0;0;0;0;0;0;0;0;29.10.2017 01:27:00
1216080;0;0;1;0;1;0;0;0;29.10.2017 02:34:00
1216079;0;0;0;0;0;0;0;4;29.10.2017 04:10:00
1216074;0;0;0;5;0;0;0;0;29.10.2017 06:18:00
1215944;0;0;0;0;0;0;0;0;29.10.2017 06:41:00
1215941;0;0;0;0;0;0;0;0;29.10.2017 06:47:00
1215742;0;0;4;0;0;0;0;1;29.10.2017 08:36:00
1216077;0;0;0;1;0;0;0;0;29.10.2017 08:41:00
1215739;0;1;0;0;1;0;0;1;29.10.2017 08:47:00
1215740;0;0;0;0;0;0;0;1;29.10.2017 09:37:00
1215737;0;0;0;0;0;0;0;0;29.10.2017 09:59:00
1216067;0;0;0;5;0;0;0;0;29.10.2017 10:05:00
1215636;0;0;0;0;0;0;0;0;29.10.2017 10:23:00
1216078;0;0;0;0;0;0;0;0;29.10.2017 11:39:00
1215735;0;0;0;0;0;0;0;0;29.10.2017 11:44:00
1216076;0;0;0;2;0;0;0;0;29.10.2017 11:46:00
1216082;0;0;0;0;0;0;0;0;29.10.2017 11:58:00
1216063;0;0;0;1;0;0;0;0;29.10.2017 12:29:00
1206804;0;0;0;0;0;0;0;0;29.10.2017 12:35:00
1206809;0;0;0;0;0;0;0;0;29.10.2017 13:12:00
1206800;0;0;0;0;0;0;0;0;29.10.2017 13:26:00
1208145;0;0;0;0;0;0;0;1;29.10.2017 13:31:00
1206812;0;0;0;0;0;0;0;0;29.10.2017 22:58:00
1213840;0;2;0;0;0;0;0;0;29.10.2017 23:46:00
1206811;0;0;0;0;0;0;0;0;29.10.2017 23:51:00
1206805;0;0;0;0;1;0;0;0;30.10.2017 00:41:00
1206818;0;0;0;0;1;0;0;0;30.10.2017 00:49:00
1206822;1;0;0;0;0;0;0;0;30.10.2017 00:53:00
1206816;0;0;1;0;1;0;0;0;30.10.2017 01:20:00
